[
  {
    "__type__": "cc.Prefab",
    "_name": "ui-chatUserInfoNov2nd",
    "_objFlags": 0,
    "_rawFiles": null,
    "data": {
      "__id__": 1
    },
    "asyncLoadAssets": false
  },
  {
    "__type__": "cc.Node",
    "_name": "ui-chatUserInfoNov2nd",
    "_objFlags": 0,
    "_parent": null,
    "_children": [
      {
        "__id__": 2
      },
      {
        "__id__": 7
      },
      {
        "__id__": 10
      },
      {
        "__id__": 16
      },
      {
        "__id__": 24
      },
      {
        "__id__": 32
      },
      {
        "__id__": 38
      },
      {
        "__id__": 48
      },
      {
        "__id__": 58
      },
      {
        "__id__": 68
      },
      {
        "__id__": 78
      }
    ],
    "_tag": -1,
    "_active": true,
    "_components": [
      {
        "__id__": 81
      }
    ],
    "_prefab": {
      "__id__": 82
    },
    "_id": "",
    "_opacity": 255,
    "_color": {
      "__type__": "cc.Color",
      "r": 255,
      "g": 255,
      "b": 255,
      "a": 255
    },
    "_cascadeOpacityEnabled": true,
    "_anchorPoint": {
      "__type__": "cc.Vec2",
      "x": 0.5,
      "y": 0.5
    },
    "_contentSize": {
      "__type__": "cc.Size",
      "width": 1280,
      "height": 720
    },
    "_rotationX": 0,
    "_rotationY": 0,
    "_scaleX": 1,
    "_scaleY": 1,
    "_position": {
      "__type__": "cc.Vec2",
      "x": 0,
      "y": 0
    },
    "_skewX": 0,
    "_skewY": 0,
    "_localZOrder": 0,
    "_globalZOrder": 0,
    "_opacityModifyRGB": false,
    "groupIndex": 0
  },
  {
    "__type__": "cc.Node",
    "_name": "mask",
    "_objFlags": 0,
    "_parent": {
      "__id__": 1
    },
    "_children": [],
    "_tag": -1,
    "_active": true,
    "_components": [
      {
        "__id__": 3
      },
      {
        "__id__": 4
      }
    ],
    "_prefab": {
      "__id__": 6
    },
    "_id": "",
    "_opacity": 0,
    "_color": {
      "__type__": "cc.Color",
      "r": 0,
      "g": 0,
      "b": 0,
      "a": 255
    },
    "_cascadeOpacityEnabled": true,
    "_anchorPoint": {
      "__type__": "cc.Vec2",
      "x": 0.5,
      "y": 0.5
    },
    "_contentSize": {
      "__type__": "cc.Size",
      "width": 1280,
      "height": 720
    },
    "_rotationX": 0,
    "_rotationY": 0,
    "_scaleX": 1,
    "_scaleY": 1,
    "_position": {
      "__type__": "cc.Vec2",
      "x": 0,
      "y": 0
    },
    "_skewX": 0,
    "_skewY": 0,
    "_localZOrder": 0,
    "_globalZOrder": 0,
    "_opacityModifyRGB": false,
    "groupIndex": 0
  },
  {
    "__type__": "cc.Sprite",
    "_name": "",
    "_objFlags": 0,
    "node": {
      "__id__": 2
    },
    "_enabled": true,
    "_spriteFrame": {
      "__uuid__": "a23235d1-15db-4b95-8439-a2e005bfff91"
    },
    "_type": 0,
    "_sizeMode": 0,
    "_fillType": 0,
    "_fillCenter": {
      "__type__": "cc.Vec2",
      "x": 0,
      "y": 0
    },
    "_fillStart": 0,
    "_fillRange": 0,
    "_isTrimmedMode": true,
    "_srcBlendFactor": 770,
    "_dstBlendFactor": 771,
    "_atlas": null
  },
  {
    "__type__": "cc.Button",
    "_name": "",
    "_objFlags": 0,
    "node": {
      "__id__": 2
    },
    "_enabled": true,
    "transition": 0,
    "pressedColor": {
      "__type__": "cc.Color",
      "r": 211,
      "g": 211,
      "b": 211,
      "a": 255
    },
    "hoverColor": {
      "__type__": "cc.Color",
      "r": 255,
      "g": 255,
      "b": 255,
      "a": 255
    },
    "duration": 0.1,
    "zoomScale": 1.2,
    "pressedSprite": null,
    "hoverSprite": null,
    "clickEvents": [
      {
        "__id__": 5
      }
    ],
    "_N$interactable": true,
    "_N$enableAutoGrayEffect": false,
    "_N$normalColor": {
      "__type__": "cc.Color",
      "r": 214,
      "g": 214,
      "b": 214,
      "a": 255
    },
    "_N$disabledColor": {
      "__type__": "cc.Color",
      "r": 124,
      "g": 124,
      "b": 124,
      "a": 255
    },
    "_N$normalSprite": null,
    "_N$disabledSprite": null,
    "_N$target": {
      "__id__": 2
    }
  },
  {
    "__type__": "cc.ClickEvent",
    "target": {
      "__id__": 1
    },
    "component": "ui-chatUserInfoNov2nd",
    "handler": "onCloseEventNovBeginFunc",
    "customEventData": ""
  },
  {
    "__type__": "cc.PrefabInfo",
    "root": {
      "__id__": 1
    },
    "asset": {
      "__uuid__": "6bd82f27-6f62-449d-9792-e6b9a3326b99"
    },
    "fileId": "1934kdyO1F+q0xo5AsavYm",
    "sync": false
  },
  {
    "__type__": "cc.Node",
    "_name": "bg ",
    "_objFlags": 0,
    "_parent": {
      "__id__": 1
    },
    "_children": [],
    "_tag": -1,
    "_active": true,
    "_components": [
      {
        "__id__": 8
      }
    ],
    "_prefab": {
      "__id__": 9
    },
    "_id": "",
    "_opacity": 255,
    "_color": {
      "__type__": "cc.Color",
      "r": 255,
      "g": 255,
      "b": 255,
      "a": 255
    },
    "_cascadeOpacityEnabled": true,
    "_anchorPoint": {
      "__type__": "cc.Vec2",
      "x": 0.5,
      "y": 0.5
    },
    "_contentSize": {
      "__type__": "cc.Size",
      "width": 662,
      "height": 417
    },
    "_rotationX": 0,
    "_rotationY": 0,
    "_scaleX": 1,
    "_scaleY": 1,
    "_position": {
      "__type__": "cc.Vec2",
      "x": 0,
      "y": 0
    },
    "_skewX": 0,
    "_skewY": 0,
    "_localZOrder": 0,
    "_globalZOrder": 0,
    "_opacityModifyRGB": false,
    "groupIndex": 0
  },
  {
    "__type__": "cc.Sprite",
    "_name": "",
    "_objFlags": 0,
    "node": {
      "__id__": 7
    },
    "_enabled": true,
    "_spriteFrame": {
      "__uuid__": "b23c10d4-f522-48ac-b059-a1c536e7d101"
    },
    "_type": 0,
    "_sizeMode": 1,
    "_fillType": 0,
    "_fillCenter": {
      "__type__": "cc.Vec2",
      "x": 0,
      "y": 0
    },
    "_fillStart": 0,
    "_fillRange": 0,
    "_isTrimmedMode": true,
    "_srcBlendFactor": 770,
    "_dstBlendFactor": 771,
    "_atlas": null
  },
  {
    "__type__": "cc.PrefabInfo",
    "root": {
      "__id__": 1
    },
    "asset": {
      "__uuid__": "6bd82f27-6f62-449d-9792-e6b9a3326b99"
    },
    "fileId": "d6hNxGXMpJAJ4b8yCpVLFy",
    "sync": false
  },
  {
    "__type__": "cc.Node",
    "_name": "head_room",
    "_objFlags": 0,
    "_parent": {
      "__id__": 1
    },
    "_children": [
      {
        "__id__": 11
      }
    ],
    "_tag": -1,
    "_active": true,
    "_components": [
      {
        "__id__": 14
      }
    ],
    "_prefab": {
      "__id__": 15
    },
    "_id": "",
    "_opacity": 255,
    "_color": {
      "__type__": "cc.Color",
      "r": 255,
      "g": 255,
      "b": 255,
      "a": 255
    },
    "_cascadeOpacityEnabled": true,
    "_anchorPoint": {
      "__type__": "cc.Vec2",
      "x": 0.5,
      "y": 0.5
    },
    "_contentSize": {
      "__type__": "cc.Size",
      "width": 66,
      "height": 68
    },
    "_rotationX": 0,
    "_rotationY": 0,
    "_scaleX": 1,
    "_scaleY": 1,
    "_position": {
      "__type__": "cc.Vec2",
      "x": -200,
      "y": 70
    },
    "_skewX": 0,
    "_skewY": 0,
    "_localZOrder": 0,
    "_globalZOrder": 0,
    "_opacityModifyRGB": false,
    "groupIndex": 0
  },
  {
    "__type__": "cc.Node",
    "_name": "headimage",
    "_objFlags": 0,
    "_parent": {
      "__id__": 10
    },
    "_children": [],
    "_tag": -1,
    "_active": true,
    "_components": [
      {
        "__id__": 12
      }
    ],
    "_prefab": {
      "__id__": 13
    },
    "_id": "",
    "_opacity": 255,
    "_color": {
      "__type__": "cc.Color",
      "r": 255,
      "g": 255,
      "b": 255,
      "a": 255
    },
    "_cascadeOpacityEnabled": true,
    "_anchorPoint": {
      "__type__": "cc.Vec2",
      "x": 0.5,
      "y": 0.5
    },
    "_contentSize": {
      "__type__": "cc.Size",
      "width": 58,
      "height": 57
    },
    "_rotationX": 0,
    "_rotationY": 0,
    "_scaleX": 1,
    "_scaleY": 1,
    "_position": {
      "__type__": "cc.Vec2",
      "x": 0,
      "y": 0
    },
    "_skewX": 0,
    "_skewY": 0,
    "_localZOrder": 0,
    "_globalZOrder": 0,
    "_opacityModifyRGB": false,
    "groupIndex": 0
  },
  {
    "__type__": "cc.Sprite",
    "_name": "",
    "_objFlags": 0,
    "node": {
      "__id__": 11
    },
    "_enabled": true,
    "_spriteFrame": {
      "__uuid__": "44bb2ee1-8cce-45f2-9f5f-6e696eb823b3"
    },
    "_type": 0,
    "_sizeMode": 0,
    "_fillType": 0,
    "_fillCenter": {
      "__type__": "cc.Vec2",
      "x": 0,
      "y": 0
    },
    "_fillStart": 0,
    "_fillRange": 0,
    "_isTrimmedMode": true,
    "_srcBlendFactor": 770,
    "_dstBlendFactor": 771,
    "_atlas": null
  },
  {
    "__type__": "cc.PrefabInfo",
    "root": {
      "__id__": 1
    },
    "asset": {
      "__uuid__": "6bd82f27-6f62-449d-9792-e6b9a3326b99"
    },
    "fileId": "37XNWmh7xFJKyqHymEBbfu",
    "sync": false
  },
  {
    "__type__": "cc.Sprite",
    "_name": "",
    "_objFlags": 0,
    "node": {
      "__id__": 10
    },
    "_enabled": true,
    "_spriteFrame": {
      "__uuid__": "f1663416-04b7-4431-af82-9f1008048727"
    },
    "_type": 0,
    "_sizeMode": 0,
    "_fillType": 0,
    "_fillCenter": {
      "__type__": "cc.Vec2",
      "x": 0,
      "y": 0
    },
    "_fillStart": 0,
    "_fillRange": 0,
    "_isTrimmedMode": true,
    "_srcBlendFactor": 770,
    "_dstBlendFactor": 771,
    "_atlas": null
  },
  {
    "__type__": "cc.PrefabInfo",
    "root": {
      "__id__": 1
    },
    "asset": {
      "__uuid__": "6bd82f27-6f62-449d-9792-e6b9a3326b99"
    },
    "fileId": "2enSPfUHlH6bmHXoRmZyiT",
    "sync": false
  },
  {
    "__type__": "cc.Node",
    "_name": "btn_shenqing",
    "_objFlags": 0,
    "_parent": {
      "__id__": 1
    },
    "_children": [
      {
        "__id__": 17
      }
    ],
    "_tag": -1,
    "_active": true,
    "_components": [
      {
        "__id__": 20
      },
      {
        "__id__": 21
      }
    ],
    "_prefab": {
      "__id__": 23
    },
    "_id": "",
    "_opacity": 255,
    "_color": {
      "__type__": "cc.Color",
      "r": 255,
      "g": 255,
      "b": 255,
      "a": 255
    },
    "_cascadeOpacityEnabled": true,
    "_anchorPoint": {
      "__type__": "cc.Vec2",
      "x": 0.5,
      "y": 0.5
    },
    "_contentSize": {
      "__type__": "cc.Size",
      "width": 100,
      "height": 50
    },
    "_rotationX": 0,
    "_rotationY": 0,
    "_scaleX": 1,
    "_scaleY": 1,
    "_position": {
      "__type__": "cc.Vec2",
      "x": 70,
      "y": 60
    },
    "_skewX": 0,
    "_skewY": 0,
    "_localZOrder": 0,
    "_globalZOrder": 0,
    "_opacityModifyRGB": false,
    "groupIndex": 0
  },
  {
    "__type__": "cc.Node",
    "_name": "shenqing",
    "_objFlags": 0,
    "_parent": {
      "__id__": 16
    },
    "_children": [],
    "_tag": -1,
    "_active": true,
    "_components": [
      {
        "__id__": 18
      }
    ],
    "_prefab": {
      "__id__": 19
    },
    "_id": "",
    "_opacity": 255,
    "_color": {
      "__type__": "cc.Color",
      "r": 255,
      "g": 255,
      "b": 255,
      "a": 255
    },
    "_cascadeOpacityEnabled": true,
    "_anchorPoint": {
      "__type__": "cc.Vec2",
      "x": 0.5,
      "y": 0.5
    },
    "_contentSize": {
      "__type__": "cc.Size",
      "width": 70,
      "height": 20
    },
    "_rotationX": 0,
    "_rotationY": 0,
    "_scaleX": 1,
    "_scaleY": 1,
    "_position": {
      "__type__": "cc.Vec2",
      "x": 0,
      "y": 4
    },
    "_skewX": 0,
    "_skewY": 0,
    "_localZOrder": 0,
    "_globalZOrder": 0,
    "_opacityModifyRGB": false,
    "groupIndex": 0
  },
  {
    "__type__": "cc.Sprite",
    "_name": "",
    "_objFlags": 0,
    "node": {
      "__id__": 17
    },
    "_enabled": true,
    "_spriteFrame": {
      "__uuid__": "3b20caf0-4e12-4dcf-ad5b-5bc1937b3bd2"
    },
    "_type": 0,
    "_sizeMode": 0,
    "_fillType": 0,
    "_fillCenter": {
      "__type__": "cc.Vec2",
      "x": 0,
      "y": 0
    },
    "_fillStart": 0,
    "_fillRange": 0,
    "_isTrimmedMode": true,
    "_srcBlendFactor": 770,
    "_dstBlendFactor": 771,
    "_atlas": null
  },
  {
    "__type__": "cc.PrefabInfo",
    "root": {
      "__id__": 1
    },
    "asset": {
      "__uuid__": "6bd82f27-6f62-449d-9792-e6b9a3326b99"
    },
    "fileId": "0bu6eTeKZOnL1z7yAa+SgL",
    "sync": false
  },
  {
    "__type__": "cc.Sprite",
    "_name": "",
    "_objFlags": 0,
    "node": {
      "__id__": 16
    },
    "_enabled": true,
    "_spriteFrame": {
      "__uuid__": "19b009f7-3a69-4b91-a367-f9deaf96156f"
    },
    "_type": 0,
    "_sizeMode": 0,
    "_fillType": 0,
    "_fillCenter": {
      "__type__": "cc.Vec2",
      "x": 0,
      "y": 0
    },
    "_fillStart": 0,
    "_fillRange": 0,
    "_isTrimmedMode": true,
    "_srcBlendFactor": 770,
    "_dstBlendFactor": 771,
    "_atlas": null
  },
  {
    "__type__": "cc.Button",
    "_name": "",
    "_objFlags": 0,
    "node": {
      "__id__": 16
    },
    "_enabled": true,
    "transition": 3,
    "pressedColor": {
      "__type__": "cc.Color",
      "r": 211,
      "g": 211,
      "b": 211,
      "a": 255
    },
    "hoverColor": {
      "__type__": "cc.Color",
      "r": 255,
      "g": 255,
      "b": 255,
      "a": 255
    },
    "duration": 0.1,
    "zoomScale": 1.1,
    "pressedSprite": null,
    "hoverSprite": null,
    "clickEvents": [
      {
        "__id__": 22
      }
    ],
    "_N$interactable": true,
    "_N$enableAutoGrayEffect": false,
    "_N$normalColor": {
      "__type__": "cc.Color",
      "r": 214,
      "g": 214,
      "b": 214,
      "a": 255
    },
    "_N$disabledColor": {
      "__type__": "cc.Color",
      "r": 124,
      "g": 124,
      "b": 124,
      "a": 255
    },
    "_N$normalSprite": null,
    "_N$disabledSprite": null,
    "_N$target": {
      "__id__": 16
    }
  },
  {
    "__type__": "cc.ClickEvent",
    "target": {
      "__id__": 1
    },
    "component": "ui-chatUserInfoNov2nd",
    "handler": "onShenqingEvent",
    "customEventData": ""
  },
  {
    "__type__": "cc.PrefabInfo",
    "root": {
      "__id__": 1
    },
    "asset": {
      "__uuid__": "6bd82f27-6f62-449d-9792-e6b9a3326b99"
    },
    "fileId": "8464r1pI1L74oTskrE68cD",
    "sync": false
  },
  {
    "__type__": "cc.Node",
    "_name": "btn_siliao",
    "_objFlags": 0,
    "_parent": {
      "__id__": 1
    },
    "_children": [
      {
        "__id__": 25
      }
    ],
    "_tag": -1,
    "_active": true,
    "_components": [
      {
        "__id__": 28
      },
      {
        "__id__": 29
      }
    ],
    "_prefab": {
      "__id__": 31
    },
    "_id": "",
    "_opacity": 255,
    "_color": {
      "__type__": "cc.Color",
      "r": 255,
      "g": 255,
      "b": 255,
      "a": 255
    },
    "_cascadeOpacityEnabled": true,
    "_anchorPoint": {
      "__type__": "cc.Vec2",
      "x": 0.5,
      "y": 0.5
    },
    "_contentSize": {
      "__type__": "cc.Size",
      "width": 100,
      "height": 50
    },
    "_rotationX": 0,
    "_rotationY": 0,
    "_scaleX": 1,
    "_scaleY": 1,
    "_position": {
      "__type__": "cc.Vec2",
      "x": -70,
      "y": 60
    },
    "_skewX": 0,
    "_skewY": 0,
    "_localZOrder": 0,
    "_globalZOrder": 0,
    "_opacityModifyRGB": false,
    "groupIndex": 0
  },
  {
    "__type__": "cc.Node",
    "_name": "siliao",
    "_objFlags": 0,
    "_parent": {
      "__id__": 24
    },
    "_children": [],
    "_tag": -1,
    "_active": true,
    "_components": [
      {
        "__id__": 26
      }
    ],
    "_prefab": {
      "__id__": 27
    },
    "_id": "",
    "_opacity": 255,
    "_color": {
      "__type__": "cc.Color",
      "r": 255,
      "g": 255,
      "b": 255,
      "a": 255
    },
    "_cascadeOpacityEnabled": true,
    "_anchorPoint": {
      "__type__": "cc.Vec2",
      "x": 0.5,
      "y": 0.5
    },
    "_contentSize": {
      "__type__": "cc.Size",
      "width": 50,
      "height": 25
    },
    "_rotationX": 0,
    "_rotationY": 0,
    "_scaleX": 1,
    "_scaleY": 1,
    "_position": {
      "__type__": "cc.Vec2",
      "x": 0,
      "y": 4
    },
    "_skewX": 0,
    "_skewY": 0,
    "_localZOrder": 0,
    "_globalZOrder": 0,
    "_opacityModifyRGB": false,
    "groupIndex": 0
  },
  {
    "__type__": "cc.Sprite",
    "_name": "",
    "_objFlags": 0,
    "node": {
      "__id__": 25
    },
    "_enabled": true,
    "_spriteFrame": {
      "__uuid__": "b8e5ebf0-5f7e-40b0-b5c6-795dff714ed0"
    },
    "_type": 0,
    "_sizeMode": 0,
    "_fillType": 0,
    "_fillCenter": {
      "__type__": "cc.Vec2",
      "x": 0,
      "y": 0
    },
    "_fillStart": 0,
    "_fillRange": 0,
    "_isTrimmedMode": true,
    "_srcBlendFactor": 770,
    "_dstBlendFactor": 771,
    "_atlas": null
  },
  {
    "__type__": "cc.PrefabInfo",
    "root": {
      "__id__": 1
    },
    "asset": {
      "__uuid__": "6bd82f27-6f62-449d-9792-e6b9a3326b99"
    },
    "fileId": "bc1fx6rPJMQLVEeIjtoLKV",
    "sync": false
  },
  {
    "__type__": "cc.Sprite",
    "_name": "",
    "_objFlags": 0,
    "node": {
      "__id__": 24
    },
    "_enabled": true,
    "_spriteFrame": {
      "__uuid__": "43bb4963-70ec-40c1-bd6b-4ee0a174c811"
    },
    "_type": 0,
    "_sizeMode": 0,
    "_fillType": 0,
    "_fillCenter": {
      "__type__": "cc.Vec2",
      "x": 0,
      "y": 0
    },
    "_fillStart": 0,
    "_fillRange": 0,
    "_isTrimmedMode": true,
    "_srcBlendFactor": 770,
    "_dstBlendFactor": 771,
    "_atlas": null
  },
  {
    "__type__": "cc.Button",
    "_name": "",
    "_objFlags": 0,
    "node": {
      "__id__": 24
    },
    "_enabled": true,
    "transition": 3,
    "pressedColor": {
      "__type__": "cc.Color",
      "r": 211,
      "g": 211,
      "b": 211,
      "a": 255
    },
    "hoverColor": {
      "__type__": "cc.Color",
      "r": 255,
      "g": 255,
      "b": 255,
      "a": 255
    },
    "duration": 0.1,
    "zoomScale": 1.1,
    "pressedSprite": null,
    "hoverSprite": null,
    "clickEvents": [
      {
        "__id__": 30
      }
    ],
    "_N$interactable": true,
    "_N$enableAutoGrayEffect": false,
    "_N$normalColor": {
      "__type__": "cc.Color",
      "r": 214,
      "g": 214,
      "b": 214,
      "a": 255
    },
    "_N$disabledColor": {
      "__type__": "cc.Color",
      "r": 124,
      "g": 124,
      "b": 124,
      "a": 255
    },
    "_N$normalSprite": null,
    "_N$disabledSprite": null,
    "_N$target": {
      "__id__": 24
    }
  },
  {
    "__type__": "cc.ClickEvent",
    "target": {
      "__id__": 1
    },
    "component": "ui-chatUserInfoNov2nd",
    "handler": "onSiliaoEvent",
    "customEventData": ""
  },
  {
    "__type__": "cc.PrefabInfo",
    "root": {
      "__id__": 1
    },
    "asset": {
      "__uuid__": "6bd82f27-6f62-449d-9792-e6b9a3326b99"
    },
    "fileId": "762lr1329CeLRGycbNikx4",
    "sync": false
  },
  {
    "__type__": "cc.Node",
    "_name": "userID",
    "_objFlags": 0,
    "_parent": {
      "__id__": 1
    },
    "_children": [
      {
        "__id__": 33
      }
    ],
    "_tag": -1,
    "_active": true,
    "_components": [
      {
        "__id__": 36
      }
    ],
    "_prefab": {
      "__id__": 37
    },
    "_id": "",
    "_opacity": 255,
    "_color": {
      "__type__": "cc.Color",
      "r": 255,
      "g": 255,
      "b": 255,
      "a": 255
    },
    "_cascadeOpacityEnabled": true,
    "_anchorPoint": {
      "__type__": "cc.Vec2",
      "x": 0.5,
      "y": 0.5
    },
    "_contentSize": {
      "__type__": "cc.Size",
      "width": 52,
      "height": 26
    },
    "_rotationX": 0,
    "_rotationY": 0,
    "_scaleX": 1,
    "_scaleY": 1,
    "_position": {
      "__type__": "cc.Vec2",
      "x": -225,
      "y": 10
    },
    "_skewX": 0,
    "_skewY": 0,
    "_localZOrder": 0,
    "_globalZOrder": 0,
    "_opacityModifyRGB": false,
    "groupIndex": 0
  },
  {
    "__type__": "cc.Node",
    "_name": "ID",
    "_objFlags": 0,
    "_parent": {
      "__id__": 32
    },
    "_children": [],
    "_tag": -1,
    "_active": true,
    "_components": [
      {
        "__id__": 34
      }
    ],
    "_prefab": {
      "__id__": 35
    },
    "_id": "",
    "_opacity": 255,
    "_color": {
      "__type__": "cc.Color",
      "r": 255,
      "g": 255,
      "b": 255,
      "a": 255
    },
    "_cascadeOpacityEnabled": true,
    "_anchorPoint": {
      "__type__": "cc.Vec2",
      "x": 0,
      "y": 0.5
    },
    "_contentSize": {
      "__type__": "cc.Size",
      "width": 57.84,
      "height": 26
    },
    "_rotationX": 0,
    "_rotationY": 0,
    "_scaleX": 1,
    "_scaleY": 1,
    "_position": {
      "__type__": "cc.Vec2",
      "x": 17,
      "y": 0
    },
    "_skewX": 0,
    "_skewY": 0,
    "_localZOrder": 0,
    "_globalZOrder": 0,
    "_opacityModifyRGB": false,
    "groupIndex": 0
  },
  {
    "__type__": "cc.Label",
    "_name": "",
    "_objFlags": 0,
    "node": {
      "__id__": 33
    },
    "_enabled": true,
    "_useOriginalSize": false,
    "_actualFontSize": 26,
    "_fontSize": 26,
    "_lineHeight": 26,
    "_enableWrapText": true,
    "_N$file": null,
    "_isSystemFontUsed": true,
    "_spacingX": 0,
    "_N$string": "1000",
    "_N$horizontalAlign": 1,
    "_N$verticalAlign": 1,
    "_N$fontFamily": "Arial",
    "_N$overflow": 0
  },
  {
    "__type__": "cc.PrefabInfo",
    "root": {
      "__id__": 1
    },
    "asset": {
      "__uuid__": "6bd82f27-6f62-449d-9792-e6b9a3326b99"
    },
    "fileId": "aeq5yG1l9HJI64UD1nPImL",
    "sync": false
  },
  {
    "__type__": "cc.Label",
    "_name": "",
    "_objFlags": 0,
    "node": {
      "__id__": 32
    },
    "_enabled": true,
    "_useOriginalSize": false,
    "_actualFontSize": 26,
    "_fontSize": 26,
    "_lineHeight": 26,
    "_enableWrapText": true,
    "_N$file": null,
    "_isSystemFontUsed": true,
    "_spacingX": 0,
    "_N$string": "ID：",
    "_N$horizontalAlign": 1,
    "_N$verticalAlign": 1,
    "_N$fontFamily": "Arial",
    "_N$overflow": 0
  },
  {
    "__type__": "cc.PrefabInfo",
    "root": {
      "__id__": 1
    },
    "asset": {
      "__uuid__": "6bd82f27-6f62-449d-9792-e6b9a3326b99"
    },
    "fileId": "c59wO7nJJNy67GMi8RNu9o",
    "sync": false
  },
  {
    "__type__": "cc.Node",
    "_name": "highestWinningStreak",
    "_objFlags": 0,
    "_parent": {
      "__id__": 1
    },
    "_children": [
      {
        "__id__": 39
      },
      {
        "__id__": 42
      }
    ],
    "_tag": -1,
    "_active": true,
    "_components": [
      {
        "__id__": 45
      },
      {
        "__id__": 46
      }
    ],
    "_prefab": {
      "__id__": 47
    },
    "_id": "",
    "_opacity": 255,
    "_color": {
      "__type__": "cc.Color",
      "r": 255,
      "g": 255,
      "b": 255,
      "a": 255
    },
    "_cascadeOpacityEnabled": true,
    "_anchorPoint": {
      "__type__": "cc.Vec2",
      "x": 0.5,
      "y": 0.5
    },
    "_contentSize": {
      "__type__": "cc.Size",
      "width": 200,
      "height": 40
    },
    "_rotationX": 0,
    "_rotationY": 0,
    "_scaleX": 1,
    "_scaleY": 1,
    "_position": {
      "__type__": "cc.Vec2",
      "x": -154,
      "y": -50
    },
    "_skewX": 0,
    "_skewY": 0,
    "_localZOrder": 0,
    "_globalZOrder": 0,
    "_opacityModifyRGB": false,
    "groupIndex": 0
  },
  {
    "__type__": "cc.Node",
    "_name": "text_highestWinningStreak",
    "_objFlags": 0,
    "_parent": {
      "__id__": 38
    },
    "_children": [],
    "_tag": -1,
    "_active": true,
    "_components": [
      {
        "__id__": 40
      }
    ],
    "_prefab": {
      "__id__": 41
    },
    "_id": "",
    "_opacity": 255,
    "_color": {
      "__type__": "cc.Color",
      "r": 255,
      "g": 255,
      "b": 255,
      "a": 255
    },
    "_cascadeOpacityEnabled": true,
    "_anchorPoint": {
      "__type__": "cc.Vec2",
      "x": 0.5,
      "y": 0.5
    },
    "_contentSize": {
      "__type__": "cc.Size",
      "width": 140,
      "height": 30
    },
    "_rotationX": 0,
    "_rotationY": 0,
    "_scaleX": 1,
    "_scaleY": 1,
    "_position": {
      "__type__": "cc.Vec2",
      "x": -30,
      "y": 0
    },
    "_skewX": 0,
    "_skewY": 0,
    "_localZOrder": 0,
    "_globalZOrder": 0,
    "_opacityModifyRGB": false,
    "groupIndex": 0
  },
  {
    "__type__": "cc.Sprite",
    "_name": "",
    "_objFlags": 0,
    "node": {
      "__id__": 39
    },
    "_enabled": true,
    "_spriteFrame": {
      "__uuid__": "a2cce7c9-fc82-4127-9a82-12de5fd1e248"
    },
    "_type": 0,
    "_sizeMode": 0,
    "_fillType": 0,
    "_fillCenter": {
      "__type__": "cc.Vec2",
      "x": 0,
      "y": 0
    },
    "_fillStart": 0,
    "_fillRange": 0,
    "_isTrimmedMode": true,
    "_srcBlendFactor": 770,
    "_dstBlendFactor": 771,
    "_atlas": null
  },
  {
    "__type__": "cc.PrefabInfo",
    "root": {
      "__id__": 1
    },
    "asset": {
      "__uuid__": "6bd82f27-6f62-449d-9792-e6b9a3326b99"
    },
    "fileId": "ee8guNJfRJc52/rNWzcqiq",
    "sync": false
  },
  {
    "__type__": "cc.Node",
    "_name": "New Label",
    "_objFlags": 0,
    "_parent": {
      "__id__": 38
    },
    "_children": [],
    "_tag": -1,
    "_active": true,
    "_components": [
      {
        "__id__": 43
      }
    ],
    "_prefab": {
      "__id__": 44
    },
    "_id": "",
    "_opacity": 255,
    "_color": {
      "__type__": "cc.Color",
      "r": 255,
      "g": 255,
      "b": 255,
      "a": 255
    },
    "_cascadeOpacityEnabled": true,
    "_anchorPoint": {
      "__type__": "cc.Vec2",
      "x": 0.5,
      "y": 0.5
    },
    "_contentSize": {
      "__type__": "cc.Size",
      "width": 16.68,
      "height": 30
    },
    "_rotationX": 0,
    "_rotationY": 0,
    "_scaleX": 1,
    "_scaleY": 1,
    "_position": {
      "__type__": "cc.Vec2",
      "x": 58.34,
      "y": 0
    },
    "_skewX": 0,
    "_skewY": 0,
    "_localZOrder": 0,
    "_globalZOrder": 0,
    "_opacityModifyRGB": false,
    "groupIndex": 0
  },
  {
    "__type__": "cc.Label",
    "_name": "",
    "_objFlags": 0,
    "node": {
      "__id__": 42
    },
    "_enabled": true,
    "_useOriginalSize": false,
    "_actualFontSize": 30,
    "_fontSize": 30,
    "_lineHeight": 30,
    "_enableWrapText": true,
    "_N$file": null,
    "_isSystemFontUsed": true,
    "_spacingX": 0,
    "_N$string": "0",
    "_N$horizontalAlign": 1,
    "_N$verticalAlign": 1,
    "_N$fontFamily": "Arial",
    "_N$overflow": 0
  },
  {
    "__type__": "cc.PrefabInfo",
    "root": {
      "__id__": 1
    },
    "asset": {
      "__uuid__": "6bd82f27-6f62-449d-9792-e6b9a3326b99"
    },
    "fileId": "eemiA+K7xAx6piaTp1QCEv",
    "sync": false
  },
  {
    "__type__": "cc.Layout",
    "_name": "",
    "_objFlags": 0,
    "node": {
      "__id__": 38
    },
    "_enabled": true,
    "_layoutSize": {
      "__type__": "cc.Size",
      "width": 200,
      "height": 40
    },
    "_resize": 0,
    "_N$layoutType": 0,
    "_N$padding": 0,
    "_N$cellSize": {
      "__type__": "cc.Size",
      "width": 40,
      "height": 40
    },
    "_N$startAxis": 0,
    "_N$paddingLeft": 0,
    "_N$paddingRight": 0,
    "_N$paddingTop": 0,
    "_N$paddingBottom": 0,
    "_N$spacingX": 0,
    "_N$spacingY": 0,
    "_N$verticalDirection": 1,
    "_N$horizontalDirection": 0
  },
  {
    "__type__": "cc.Layout",
    "_name": "",
    "_objFlags": 0,
    "node": {
      "__id__": 38
    },
    "_enabled": true,
    "_layoutSize": {
      "__type__": "cc.Size",
      "width": 300,
      "height": 200
    },
    "_resize": 0,
    "_N$layoutType": 1,
    "_N$padding": 0,
    "_N$cellSize": {
      "__type__": "cc.Size",
      "width": 40,
      "height": 40
    },
    "_N$startAxis": 0,
    "_N$paddingLeft": 0,
    "_N$paddingRight": 0,
    "_N$paddingTop": 0,
    "_N$paddingBottom": 0,
    "_N$spacingX": 10,
    "_N$spacingY": 0,
    "_N$verticalDirection": 1,
    "_N$horizontalDirection": 0
  },
  {
    "__type__": "cc.PrefabInfo",
    "root": {
      "__id__": 1
    },
    "asset": {
      "__uuid__": "6bd82f27-6f62-449d-9792-e6b9a3326b99"
    },
    "fileId": "c8dJAIVKtIKo/yRFNE6Wj8",
    "sync": false
  },
  {
    "__type__": "cc.Node",
    "_name": "totalNumber",
    "_objFlags": 0,
    "_parent": {
      "__id__": 1
    },
    "_children": [
      {
        "__id__": 49
      },
      {
        "__id__": 52
      }
    ],
    "_tag": -1,
    "_active": true,
    "_components": [
      {
        "__id__": 55
      },
      {
        "__id__": 56
      }
    ],
    "_prefab": {
      "__id__": 57
    },
    "_id": "",
    "_opacity": 255,
    "_color": {
      "__type__": "cc.Color",
      "r": 255,
      "g": 255,
      "b": 255,
      "a": 255
    },
    "_cascadeOpacityEnabled": true,
    "_anchorPoint": {
      "__type__": "cc.Vec2",
      "x": 0.5,
      "y": 0.5
    },
    "_contentSize": {
      "__type__": "cc.Size",
      "width": 200,
      "height": 40
    },
    "_rotationX": 0,
    "_rotationY": 0,
    "_scaleX": 1,
    "_scaleY": 1,
    "_position": {
      "__type__": "cc.Vec2",
      "x": 50,
      "y": -50
    },
    "_skewX": 0,
    "_skewY": 0,
    "_localZOrder": 0,
    "_globalZOrder": 0,
    "_opacityModifyRGB": false,
    "groupIndex": 0
  },
  {
    "__type__": "cc.Node",
    "_name": "text_totalNumber",
    "_objFlags": 0,
    "_parent": {
      "__id__": 48
    },
    "_children": [],
    "_tag": -1,
    "_active": true,
    "_components": [
      {
        "__id__": 50
      }
    ],
    "_prefab": {
      "__id__": 51
    },
    "_id": "",
    "_opacity": 255,
    "_color": {
      "__type__": "cc.Color",
      "r": 255,
      "g": 255,
      "b": 255,
      "a": 255
    },
    "_cascadeOpacityEnabled": true,
    "_anchorPoint": {
      "__type__": "cc.Vec2",
      "x": 0.5,
      "y": 0.5
    },
    "_contentSize": {
      "__type__": "cc.Size",
      "width": 120,
      "height": 30
    },
    "_rotationX": 0,
    "_rotationY": 0,
    "_scaleX": 1,
    "_scaleY": 1,
    "_position": {
      "__type__": "cc.Vec2",
      "x": -40,
      "y": 0
    },
    "_skewX": 0,
    "_skewY": 0,
    "_localZOrder": 0,
    "_globalZOrder": 0,
    "_opacityModifyRGB": false,
    "groupIndex": 0
  },
  {
    "__type__": "cc.Sprite",
    "_name": "",
    "_objFlags": 0,
    "node": {
      "__id__": 49
    },
    "_enabled": true,
    "_spriteFrame": {
      "__uuid__": "a5070b02-8313-4ed8-bc50-0a1d26029d3c"
    },
    "_type": 0,
    "_sizeMode": 0,
    "_fillType": 0,
    "_fillCenter": {
      "__type__": "cc.Vec2",
      "x": 0,
      "y": 0
    },
    "_fillStart": 0,
    "_fillRange": 0,
    "_isTrimmedMode": true,
    "_srcBlendFactor": 770,
    "_dstBlendFactor": 771,
    "_atlas": null
  },
  {
    "__type__": "cc.PrefabInfo",
    "root": {
      "__id__": 1
    },
    "asset": {
      "__uuid__": "6bd82f27-6f62-449d-9792-e6b9a3326b99"
    },
    "fileId": "7ba4MsnCRJbYQfiCR1+IC4",
    "sync": false
  },
  {
    "__type__": "cc.Node",
    "_name": "New Label",
    "_objFlags": 0,
    "_parent": {
      "__id__": 48
    },
    "_children": [],
    "_tag": -1,
    "_active": true,
    "_components": [
      {
        "__id__": 53
      }
    ],
    "_prefab": {
      "__id__": 54
    },
    "_id": "",
    "_opacity": 255,
    "_color": {
      "__type__": "cc.Color",
      "r": 255,
      "g": 255,
      "b": 255,
      "a": 255
    },
    "_cascadeOpacityEnabled": true,
    "_anchorPoint": {
      "__type__": "cc.Vec2",
      "x": 0.5,
      "y": 0.5
    },
    "_contentSize": {
      "__type__": "cc.Size",
      "width": 16.68,
      "height": 30
    },
    "_rotationX": 0,
    "_rotationY": 0,
    "_scaleX": 1,
    "_scaleY": 1,
    "_position": {
      "__type__": "cc.Vec2",
      "x": 38.34,
      "y": 0
    },
    "_skewX": 0,
    "_skewY": 0,
    "_localZOrder": 0,
    "_globalZOrder": 0,
    "_opacityModifyRGB": false,
    "groupIndex": 0
  },
  {
    "__type__": "cc.Label",
    "_name": "",
    "_objFlags": 0,
    "node": {
      "__id__": 52
    },
    "_enabled": true,
    "_useOriginalSize": false,
    "_actualFontSize": 30,
    "_fontSize": 30,
    "_lineHeight": 30,
    "_enableWrapText": true,
    "_N$file": null,
    "_isSystemFontUsed": true,
    "_spacingX": 0,
    "_N$string": "0",
    "_N$horizontalAlign": 1,
    "_N$verticalAlign": 1,
    "_N$fontFamily": "Arial",
    "_N$overflow": 0
  },
  {
    "__type__": "cc.PrefabInfo",
    "root": {
      "__id__": 1
    },
    "asset": {
      "__uuid__": "6bd82f27-6f62-449d-9792-e6b9a3326b99"
    },
    "fileId": "fcFlUjMwFFJYYtD7nOHy9Y",
    "sync": false
  },
  {
    "__type__": "cc.Layout",
    "_name": "",
    "_objFlags": 0,
    "node": {
      "__id__": 48
    },
    "_enabled": true,
    "_layoutSize": {
      "__type__": "cc.Size",
      "width": 200,
      "height": 40
    },
    "_resize": 0,
    "_N$layoutType": 0,
    "_N$padding": 0,
    "_N$cellSize": {
      "__type__": "cc.Size",
      "width": 40,
      "height": 40
    },
    "_N$startAxis": 0,
    "_N$paddingLeft": 0,
    "_N$paddingRight": 0,
    "_N$paddingTop": 0,
    "_N$paddingBottom": 0,
    "_N$spacingX": 0,
    "_N$spacingY": 0,
    "_N$verticalDirection": 1,
    "_N$horizontalDirection": 0
  },
  {
    "__type__": "cc.Layout",
    "_name": "",
    "_objFlags": 0,
    "node": {
      "__id__": 48
    },
    "_enabled": true,
    "_layoutSize": {
      "__type__": "cc.Size",
      "width": 300,
      "height": 200
    },
    "_resize": 0,
    "_N$layoutType": 1,
    "_N$padding": 0,
    "_N$cellSize": {
      "__type__": "cc.Size",
      "width": 40,
      "height": 40
    },
    "_N$startAxis": 0,
    "_N$paddingLeft": 0,
    "_N$paddingRight": 0,
    "_N$paddingTop": 0,
    "_N$paddingBottom": 0,
    "_N$spacingX": 10,
    "_N$spacingY": 0,
    "_N$verticalDirection": 1,
    "_N$horizontalDirection": 0
  },
  {
    "__type__": "cc.PrefabInfo",
    "root": {
      "__id__": 1
    },
    "asset": {
      "__uuid__": "6bd82f27-6f62-449d-9792-e6b9a3326b99"
    },
    "fileId": "d5mj3bL9lDkr+ANKOb24nI",
    "sync": false
  },
  {
    "__type__": "cc.Node",
    "_name": "highestScore",
    "_objFlags": 0,
    "_parent": {
      "__id__": 1
    },
    "_children": [
      {
        "__id__": 59
      },
      {
        "__id__": 62
      }
    ],
    "_tag": -1,
    "_active": true,
    "_components": [
      {
        "__id__": 65
      },
      {
        "__id__": 66
      }
    ],
    "_prefab": {
      "__id__": 67
    },
    "_id": "",
    "_opacity": 255,
    "_color": {
      "__type__": "cc.Color",
      "r": 255,
      "g": 255,
      "b": 255,
      "a": 255
    },
    "_cascadeOpacityEnabled": true,
    "_anchorPoint": {
      "__type__": "cc.Vec2",
      "x": 0.5,
      "y": 0.5
    },
    "_contentSize": {
      "__type__": "cc.Size",
      "width": 200,
      "height": 40
    },
    "_rotationX": 0,
    "_rotationY": 0,
    "_scaleX": 1,
    "_scaleY": 1,
    "_position": {
      "__type__": "cc.Vec2",
      "x": -154,
      "y": -100
    },
    "_skewX": 0,
    "_skewY": 0,
    "_localZOrder": 0,
    "_globalZOrder": 0,
    "_opacityModifyRGB": false,
    "groupIndex": 0
  },
  {
    "__type__": "cc.Node",
    "_name": "text_highestWinningStreak",
    "_objFlags": 0,
    "_parent": {
      "__id__": 58
    },
    "_children": [],
    "_tag": -1,
    "_active": true,
    "_components": [
      {
        "__id__": 60
      }
    ],
    "_prefab": {
      "__id__": 61
    },
    "_id": "",
    "_opacity": 255,
    "_color": {
      "__type__": "cc.Color",
      "r": 255,
      "g": 255,
      "b": 255,
      "a": 255
    },
    "_cascadeOpacityEnabled": true,
    "_anchorPoint": {
      "__type__": "cc.Vec2",
      "x": 0.5,
      "y": 0.5
    },
    "_contentSize": {
      "__type__": "cc.Size",
      "width": 140,
      "height": 30
    },
    "_rotationX": 0,
    "_rotationY": 0,
    "_scaleX": 1,
    "_scaleY": 1,
    "_position": {
      "__type__": "cc.Vec2",
      "x": -30,
      "y": 0
    },
    "_skewX": 0,
    "_skewY": 0,
    "_localZOrder": 0,
    "_globalZOrder": 0,
    "_opacityModifyRGB": false,
    "groupIndex": 0
  },
  {
    "__type__": "cc.Sprite",
    "_name": "",
    "_objFlags": 0,
    "node": {
      "__id__": 59
    },
    "_enabled": true,
    "_spriteFrame": {
      "__uuid__": "a2cce7c9-fc82-4127-9a82-12de5fd1e248"
    },
    "_type": 0,
    "_sizeMode": 0,
    "_fillType": 0,
    "_fillCenter": {
      "__type__": "cc.Vec2",
      "x": 0,
      "y": 0
    },
    "_fillStart": 0,
    "_fillRange": 0,
    "_isTrimmedMode": true,
    "_srcBlendFactor": 770,
    "_dstBlendFactor": 771,
    "_atlas": null
  },
  {
    "__type__": "cc.PrefabInfo",
    "root": {
      "__id__": 1
    },
    "asset": {
      "__uuid__": "6bd82f27-6f62-449d-9792-e6b9a3326b99"
    },
    "fileId": "1871azg+5PSJwLvNUBwJjq",
    "sync": false
  },
  {
    "__type__": "cc.Node",
    "_name": "New Label",
    "_objFlags": 0,
    "_parent": {
      "__id__": 58
    },
    "_children": [],
    "_tag": -1,
    "_active": true,
    "_components": [
      {
        "__id__": 63
      }
    ],
    "_prefab": {
      "__id__": 64
    },
    "_id": "",
    "_opacity": 255,
    "_color": {
      "__type__": "cc.Color",
      "r": 255,
      "g": 255,
      "b": 255,
      "a": 255
    },
    "_cascadeOpacityEnabled": true,
    "_anchorPoint": {
      "__type__": "cc.Vec2",
      "x": 0.5,
      "y": 0.5
    },
    "_contentSize": {
      "__type__": "cc.Size",
      "width": 16.68,
      "height": 30
    },
    "_rotationX": 0,
    "_rotationY": 0,
    "_scaleX": 1,
    "_scaleY": 1,
    "_position": {
      "__type__": "cc.Vec2",
      "x": 58.34,
      "y": 0
    },
    "_skewX": 0,
    "_skewY": 0,
    "_localZOrder": 0,
    "_globalZOrder": 0,
    "_opacityModifyRGB": false,
    "groupIndex": 0
  },
  {
    "__type__": "cc.Label",
    "_name": "",
    "_objFlags": 0,
    "node": {
      "__id__": 62
    },
    "_enabled": true,
    "_useOriginalSize": false,
    "_actualFontSize": 30,
    "_fontSize": 30,
    "_lineHeight": 30,
    "_enableWrapText": true,
    "_N$file": null,
    "_isSystemFontUsed": true,
    "_spacingX": 0,
    "_N$string": "0",
    "_N$horizontalAlign": 1,
    "_N$verticalAlign": 1,
    "_N$fontFamily": "Arial",
    "_N$overflow": 0
  },
  {
    "__type__": "cc.PrefabInfo",
    "root": {
      "__id__": 1
    },
    "asset": {
      "__uuid__": "6bd82f27-6f62-449d-9792-e6b9a3326b99"
    },
    "fileId": "6c9RF+ZsNBLo5+R3GCNONt",
    "sync": false
  },
  {
    "__type__": "cc.Layout",
    "_name": "",
    "_objFlags": 0,
    "node": {
      "__id__": 58
    },
    "_enabled": true,
    "_layoutSize": {
      "__type__": "cc.Size",
      "width": 200,
      "height": 40
    },
    "_resize": 0,
    "_N$layoutType": 0,
    "_N$padding": 0,
    "_N$cellSize": {
      "__type__": "cc.Size",
      "width": 40,
      "height": 40
    },
    "_N$startAxis": 0,
    "_N$paddingLeft": 0,
    "_N$paddingRight": 0,
    "_N$paddingTop": 0,
    "_N$paddingBottom": 0,
    "_N$spacingX": 0,
    "_N$spacingY": 0,
    "_N$verticalDirection": 1,
    "_N$horizontalDirection": 0
  },
  {
    "__type__": "cc.Layout",
    "_name": "",
    "_objFlags": 0,
    "node": {
      "__id__": 58
    },
    "_enabled": true,
    "_layoutSize": {
      "__type__": "cc.Size",
      "width": 300,
      "height": 200
    },
    "_resize": 0,
    "_N$layoutType": 1,
    "_N$padding": 0,
    "_N$cellSize": {
      "__type__": "cc.Size",
      "width": 40,
      "height": 40
    },
    "_N$startAxis": 0,
    "_N$paddingLeft": 0,
    "_N$paddingRight": 0,
    "_N$paddingTop": 0,
    "_N$paddingBottom": 0,
    "_N$spacingX": 10,
    "_N$spacingY": 0,
    "_N$verticalDirection": 1,
    "_N$horizontalDirection": 0
  },
  {
    "__type__": "cc.PrefabInfo",
    "root": {
      "__id__": 1
    },
    "asset": {
      "__uuid__": "6bd82f27-6f62-449d-9792-e6b9a3326b99"
    },
    "fileId": "c3wyzpeOFKJZFwUyb7XL9e",
    "sync": false
  },
  {
    "__type__": "cc.Node",
    "_name": "winningProbability",
    "_objFlags": 0,
    "_parent": {
      "__id__": 1
    },
    "_children": [
      {
        "__id__": 69
      },
      {
        "__id__": 72
      }
    ],
    "_tag": -1,
    "_active": true,
    "_components": [
      {
        "__id__": 75
      },
      {
        "__id__": 76
      }
    ],
    "_prefab": {
      "__id__": 77
    },
    "_id": "",
    "_opacity": 255,
    "_color": {
      "__type__": "cc.Color",
      "r": 255,
      "g": 255,
      "b": 255,
      "a": 255
    },
    "_cascadeOpacityEnabled": true,
    "_anchorPoint": {
      "__type__": "cc.Vec2",
      "x": 0.5,
      "y": 0.5
    },
    "_contentSize": {
      "__type__": "cc.Size",
      "width": 200,
      "height": 40
    },
    "_rotationX": 0,
    "_rotationY": 0,
    "_scaleX": 1,
    "_scaleY": 1,
    "_position": {
      "__type__": "cc.Vec2",
      "x": 50,
      "y": -100
    },
    "_skewX": 0,
    "_skewY": 0,
    "_localZOrder": 0,
    "_globalZOrder": 0,
    "_opacityModifyRGB": false,
    "groupIndex": 0
  },
  {
    "__type__": "cc.Node",
    "_name": "text_winningProbability",
    "_objFlags": 0,
    "_parent": {
      "__id__": 68
    },
    "_children": [],
    "_tag": -1,
    "_active": true,
    "_components": [
      {
        "__id__": 70
      }
    ],
    "_prefab": {
      "__id__": 71
    },
    "_id": "",
    "_opacity": 255,
    "_color": {
      "__type__": "cc.Color",
      "r": 255,
      "g": 255,
      "b": 255,
      "a": 255
    },
    "_cascadeOpacityEnabled": true,
    "_anchorPoint": {
      "__type__": "cc.Vec2",
      "x": 0.5,
      "y": 0.5
    },
    "_contentSize": {
      "__type__": "cc.Size",
      "width": 65,
      "height": 30
    },
    "_rotationX": 0,
    "_rotationY": 0,
    "_scaleX": 1,
    "_scaleY": 1,
    "_position": {
      "__type__": "cc.Vec2",
      "x": -67.5,
      "y": 0
    },
    "_skewX": 0,
    "_skewY": 0,
    "_localZOrder": 0,
    "_globalZOrder": 0,
    "_opacityModifyRGB": false,
    "groupIndex": 0
  },
  {
    "__type__": "cc.Sprite",
    "_name": "",
    "_objFlags": 0,
    "node": {
      "__id__": 69
    },
    "_enabled": true,
    "_spriteFrame": {
      "__uuid__": "4c41b414-8f54-434e-9c88-fe054dab8318"
    },
    "_type": 0,
    "_sizeMode": 0,
    "_fillType": 0,
    "_fillCenter": {
      "__type__": "cc.Vec2",
      "x": 0,
      "y": 0
    },
    "_fillStart": 0,
    "_fillRange": 0,
    "_isTrimmedMode": true,
    "_srcBlendFactor": 770,
    "_dstBlendFactor": 771,
    "_atlas": null
  },
  {
    "__type__": "cc.PrefabInfo",
    "root": {
      "__id__": 1
    },
    "asset": {
      "__uuid__": "6bd82f27-6f62-449d-9792-e6b9a3326b99"
    },
    "fileId": "b84bJI+GZNUJvHDuo+cX7j",
    "sync": false
  },
  {
    "__type__": "cc.Node",
    "_name": "New Label",
    "_objFlags": 0,
    "_parent": {
      "__id__": 68
    },
    "_children": [],
    "_tag": -1,
    "_active": true,
    "_components": [
      {
        "__id__": 73
      }
    ],
    "_prefab": {
      "__id__": 74
    },
    "_id": "",
    "_opacity": 255,
    "_color": {
      "__type__": "cc.Color",
      "r": 255,
      "g": 255,
      "b": 255,
      "a": 255
    },
    "_cascadeOpacityEnabled": true,
    "_anchorPoint": {
      "__type__": "cc.Vec2",
      "x": 0.5,
      "y": 0.5
    },
    "_contentSize": {
      "__type__": "cc.Size",
      "width": 16.68,
      "height": 30
    },
    "_rotationX": 0,
    "_rotationY": 0,
    "_scaleX": 1,
    "_scaleY": 1,
    "_position": {
      "__type__": "cc.Vec2",
      "x": -16.66,
      "y": 0
    },
    "_skewX": 0,
    "_skewY": 0,
    "_localZOrder": 0,
    "_globalZOrder": 0,
    "_opacityModifyRGB": false,
    "groupIndex": 0
  },
  {
    "__type__": "cc.Label",
    "_name": "",
    "_objFlags": 0,
    "node": {
      "__id__": 72
    },
    "_enabled": true,
    "_useOriginalSize": false,
    "_actualFontSize": 30,
    "_fontSize": 30,
    "_lineHeight": 30,
    "_enableWrapText": true,
    "_N$file": null,
    "_isSystemFontUsed": true,
    "_spacingX": 0,
    "_N$string": "0",
    "_N$horizontalAlign": 1,
    "_N$verticalAlign": 1,
    "_N$fontFamily": "Arial",
    "_N$overflow": 0
  },
  {
    "__type__": "cc.PrefabInfo",
    "root": {
      "__id__": 1
    },
    "asset": {
      "__uuid__": "6bd82f27-6f62-449d-9792-e6b9a3326b99"
    },
    "fileId": "3fhJH/moNLq7cCUIDwC4Lb",
    "sync": false
  },
  {
    "__type__": "cc.Layout",
    "_name": "",
    "_objFlags": 0,
    "node": {
      "__id__": 68
    },
    "_enabled": true,
    "_layoutSize": {
      "__type__": "cc.Size",
      "width": 200,
      "height": 40
    },
    "_resize": 0,
    "_N$layoutType": 0,
    "_N$padding": 0,
    "_N$cellSize": {
      "__type__": "cc.Size",
      "width": 40,
      "height": 40
    },
    "_N$startAxis": 0,
    "_N$paddingLeft": 0,
    "_N$paddingRight": 0,
    "_N$paddingTop": 0,
    "_N$paddingBottom": 0,
    "_N$spacingX": 0,
    "_N$spacingY": 0,
    "_N$verticalDirection": 1,
    "_N$horizontalDirection": 0
  },
  {
    "__type__": "cc.Layout",
    "_name": "",
    "_objFlags": 0,
    "node": {
      "__id__": 68
    },
    "_enabled": true,
    "_layoutSize": {
      "__type__": "cc.Size",
      "width": 300,
      "height": 200
    },
    "_resize": 0,
    "_N$layoutType": 1,
    "_N$padding": 0,
    "_N$cellSize": {
      "__type__": "cc.Size",
      "width": 40,
      "height": 40
    },
    "_N$startAxis": 0,
    "_N$paddingLeft": 0,
    "_N$paddingRight": 0,
    "_N$paddingTop": 0,
    "_N$paddingBottom": 0,
    "_N$spacingX": 10,
    "_N$spacingY": 0,
    "_N$verticalDirection": 1,
    "_N$horizontalDirection": 0
  },
  {
    "__type__": "cc.PrefabInfo",
    "root": {
      "__id__": 1
    },
    "asset": {
      "__uuid__": "6bd82f27-6f62-449d-9792-e6b9a3326b99"
    },
    "fileId": "48J02zsndEw73sRSOF7uVa",
    "sync": false
  },
  {
    "__type__": "cc.Node",
    "_name": "btn_close",
    "_objFlags": 0,
    "_parent": {
      "__id__": 1
    },
    "_children": [],
    "_tag": -1,
    "_active": true,
    "_components": [
      {
        "__id__": 79
      }
    ],
    "_prefab": {
      "__id__": 80
    },
    "_id": "",
    "_opacity": 255,
    "_color": {
      "__type__": "cc.Color",
      "r": 255,
      "g": 255,
      "b": 255,
      "a": 255
    },
    "_cascadeOpacityEnabled": true,
    "_anchorPoint": {
      "__type__": "cc.Vec2",
      "x": 0.5,
      "y": 0.5
    },
    "_contentSize": {
      "__type__": "cc.Size",
      "width": 63,
      "height": 64
    },
    "_rotationX": 0,
    "_rotationY": 0,
    "_scaleX": 1,
    "_scaleY": 1,
    "_position": {
      "__type__": "cc.Vec2",
      "x": 275,
      "y": 192
    },
    "_skewX": 0,
    "_skewY": 0,
    "_localZOrder": 0,
    "_globalZOrder": 0,
    "_opacityModifyRGB": false,
    "groupIndex": 0
  },
  {
    "__type__": "cc.Sprite",
    "_name": "",
    "_objFlags": 0,
    "node": {
      "__id__": 78
    },
    "_enabled": true,
    "_spriteFrame": {
      "__uuid__": "6f4c14b4-3377-4e40-b210-f37bc1c492e5"
    },
    "_type": 0,
    "_sizeMode": 1,
    "_fillType": 0,
    "_fillCenter": {
      "__type__": "cc.Vec2",
      "x": 0,
      "y": 0
    },
    "_fillStart": 0,
    "_fillRange": 0,
    "_isTrimmedMode": true,
    "_srcBlendFactor": 770,
    "_dstBlendFactor": 771,
    "_atlas": null
  },
  {
    "__type__": "cc.PrefabInfo",
    "root": {
      "__id__": 1
    },
    "asset": {
      "__uuid__": "6bd82f27-6f62-449d-9792-e6b9a3326b99"
    },
    "fileId": "e6nZdq5gVABaoRkeztiGlB",
    "sync": false
  },
  {
    "__type__": "017b4Dl4mdHMIrHnVoWPY3D",
    "_name": "",
    "_objFlags": 0,
    "node": {
      "__id__": 1
    },
    "_enabled": true,
    "O_userId": {
      "__id__": 34
    },
    "O_siliaoPrefab": {
      "__uuid__": "cf48ef31-52de-4ed0-987b-69d9023b9499"
    }
  },
  {
    "__type__": "cc.PrefabInfo",
    "root": {
      "__id__": 1
    },
    "asset": {
      "__uuid__": "6bd82f27-6f62-449d-9792-e6b9a3326b99"
    },
    "fileId": "aacAEP6mtAC700KjDA2euj",
    "sync": false
  }
]