[
  {
    "__type__": "cc.Prefab",
    "_name": "ui-lobbyApplyFriendLine",
    "_objFlags": 0,
    "_rawFiles": null,
    "data": {
      "__id__": 1
    },
    "asyncLoadAssets": false
  },
  {
    "__type__": "cc.Node",
    "_name": "ui-queryuserline",
    "_objFlags": 0,
    "_parent": null,
    "_children": [
      {
        "__id__": 2
      },
      {
        "__id__": 11
      },
      {
        "__id__": 14
      },
      {
        "__id__": 20
      },
      {
        "__id__": 23
      }
    ],
    "_tag": -1,
    "_active": true,
    "_components": [
      {
        "__id__": 34
      },
      {
        "__id__": 35
      }
    ],
    "_prefab": {
      "__id__": 36
    },
    "_id": "",
    "_opacity": 255,
    "_color": {
      "__type__": "cc.Color",
      "r": 255,
      "g": 255,
      "b": 255,
      "a": 255
    },
    "_cascadeOpacityEnabled": true,
    "_anchorPoint": {
      "__type__": "cc.Vec2",
      "x": 0.5,
      "y": 0.5
    },
    "_contentSize": {
      "__type__": "cc.Size",
      "width": 650,
      "height": 94
    },
    "_rotationX": 0,
    "_rotationY": 0,
    "_scaleX": 1,
    "_scaleY": 1,
    "_position": {
      "__type__": "cc.Vec2",
      "x": -65,
      "y": 0
    },
    "_skewX": 0,
    "_skewY": 0,
    "_localZOrder": 0,
    "_globalZOrder": 0,
    "_opacityModifyRGB": false,
    "groupIndex": 0
  },
  {
    "__type__": "cc.Node",
    "_name": "userHeadNode",
    "_objFlags": 0,
    "_parent": {
      "__id__": 1
    },
    "_children": [
      {
        "__id__": 3
      }
    ],
    "_tag": -1,
    "_active": true,
    "_components": [
      {
        "__id__": 9
      }
    ],
    "_prefab": {
      "__id__": 10
    },
    "_id": "",
    "_opacity": 255,
    "_color": {
      "__type__": "cc.Color",
      "r": 255,
      "g": 255,
      "b": 255,
      "a": 255
    },
    "_cascadeOpacityEnabled": true,
    "_anchorPoint": {
      "__type__": "cc.Vec2",
      "x": 0.5,
      "y": 0.5
    },
    "_contentSize": {
      "__type__": "cc.Size",
      "width": 0,
      "height": 0
    },
    "_rotationX": 0,
    "_rotationY": 0,
    "_scaleX": 1,
    "_scaleY": 1,
    "_position": {
      "__type__": "cc.Vec2",
      "x": 0,
      "y": 0
    },
    "_skewX": 0,
    "_skewY": 0,
    "_localZOrder": 0,
    "_globalZOrder": 0,
    "_opacityModifyRGB": false,
    "groupIndex": 0
  },
  {
    "__type__": "cc.Node",
    "_name": "head_bg",
    "_objFlags": 0,
    "_parent": {
      "__id__": 2
    },
    "_children": [
      {
        "__id__": 4
      }
    ],
    "_tag": -1,
    "_active": true,
    "_components": [
      {
        "__id__": 7
      }
    ],
    "_prefab": {
      "__id__": 8
    },
    "_id": "",
    "_opacity": 255,
    "_color": {
      "__type__": "cc.Color",
      "r": 255,
      "g": 255,
      "b": 255,
      "a": 255
    },
    "_cascadeOpacityEnabled": true,
    "_anchorPoint": {
      "__type__": "cc.Vec2",
      "x": 0.5,
      "y": 0.5
    },
    "_contentSize": {
      "__type__": "cc.Size",
      "width": 80,
      "height": 80
    },
    "_rotationX": 0,
    "_rotationY": 0,
    "_scaleX": 1,
    "_scaleY": 1,
    "_position": {
      "__type__": "cc.Vec2",
      "x": -275,
      "y": 0
    },
    "_skewX": 0,
    "_skewY": 0,
    "_localZOrder": 0,
    "_globalZOrder": 0,
    "_opacityModifyRGB": false,
    "groupIndex": 0
  },
  {
    "__type__": "cc.Node",
    "_name": "headImg",
    "_objFlags": 0,
    "_parent": {
      "__id__": 3
    },
    "_children": [],
    "_tag": -1,
    "_active": true,
    "_components": [
      {
        "__id__": 5
      }
    ],
    "_prefab": {
      "__id__": 6
    },
    "_id": "",
    "_opacity": 255,
    "_color": {
      "__type__": "cc.Color",
      "r": 255,
      "g": 255,
      "b": 255,
      "a": 255
    },
    "_cascadeOpacityEnabled": true,
    "_anchorPoint": {
      "__type__": "cc.Vec2",
      "x": 0.5,
      "y": 0.5
    },
    "_contentSize": {
      "__type__": "cc.Size",
      "width": 72,
      "height": 69
    },
    "_rotationX": 0,
    "_rotationY": 0,
    "_scaleX": 1,
    "_scaleY": 1,
    "_position": {
      "__type__": "cc.Vec2",
      "x": 0,
      "y": 0
    },
    "_skewX": 0,
    "_skewY": 0,
    "_localZOrder": 0,
    "_globalZOrder": 0,
    "_opacityModifyRGB": false,
    "groupIndex": 0
  },
  {
    "__type__": "cc.Sprite",
    "_name": "",
    "_objFlags": 0,
    "node": {
      "__id__": 4
    },
    "_enabled": true,
    "_spriteFrame": {
      "__uuid__": "8b771e6d-7e0d-4302-9223-e9907573cb74"
    },
    "_type": 0,
    "_sizeMode": 0,
    "_fillType": 0,
    "_fillCenter": {
      "__type__": "cc.Vec2",
      "x": 0,
      "y": 0
    },
    "_fillStart": 0,
    "_fillRange": 0,
    "_isTrimmedMode": true,
    "_srcBlendFactor": 770,
    "_dstBlendFactor": 771,
    "_atlas": null
  },
  {
    "__type__": "cc.PrefabInfo",
    "root": {
      "__id__": 1
    },
    "asset": {
      "__uuid__": "3ba8fe94-9265-4bd4-94e5-131f1603cff0"
    },
    "fileId": "5ebyBx419EtYQYOC52/PYu",
    "sync": false
  },
  {
    "__type__": "cc.Sprite",
    "_name": "",
    "_objFlags": 0,
    "node": {
      "__id__": 3
    },
    "_enabled": true,
    "_spriteFrame": {
      "__uuid__": "f817ad1f-031b-4f65-abe3-de2d6ff2cb26"
    },
    "_type": 0,
    "_sizeMode": 0,
    "_fillType": 0,
    "_fillCenter": {
      "__type__": "cc.Vec2",
      "x": 0,
      "y": 0
    },
    "_fillStart": 0,
    "_fillRange": 0,
    "_isTrimmedMode": true,
    "_srcBlendFactor": 770,
    "_dstBlendFactor": 771,
    "_atlas": null
  },
  {
    "__type__": "cc.PrefabInfo",
    "root": {
      "__id__": 1
    },
    "asset": {
      "__uuid__": "3ba8fe94-9265-4bd4-94e5-131f1603cff0"
    },
    "fileId": "19WdpwPMlDnI7iVWGrzuHg",
    "sync": false
  },
  {
    "__type__": "cc.Sprite",
    "_name": "",
    "_objFlags": 0,
    "node": {
      "__id__": 2
    },
    "_enabled": true,
    "_spriteFrame": null,
    "_type": 0,
    "_sizeMode": 1,
    "_fillType": 0,
    "_fillCenter": {
      "__type__": "cc.Vec2",
      "x": 0,
      "y": 0
    },
    "_fillStart": 0,
    "_fillRange": 0,
    "_isTrimmedMode": true,
    "_srcBlendFactor": 770,
    "_dstBlendFactor": 771,
    "_atlas": null
  },
  {
    "__type__": "cc.PrefabInfo",
    "root": {
      "__id__": 1
    },
    "asset": {
      "__uuid__": "3ba8fe94-9265-4bd4-94e5-131f1603cff0"
    },
    "fileId": "94iUy32HFCSZwzYcpQ+47q",
    "sync": false
  },
  {
    "__type__": "cc.Node",
    "_name": "username",
    "_objFlags": 0,
    "_parent": {
      "__id__": 1
    },
    "_children": [],
    "_tag": -1,
    "_active": true,
    "_components": [
      {
        "__id__": 12
      }
    ],
    "_prefab": {
      "__id__": 13
    },
    "_id": "",
    "_opacity": 255,
    "_color": {
      "__type__": "cc.Color",
      "r": 174,
      "g": 112,
      "b": 79,
      "a": 255
    },
    "_cascadeOpacityEnabled": true,
    "_anchorPoint": {
      "__type__": "cc.Vec2",
      "x": 0,
      "y": 0.5
    },
    "_contentSize": {
      "__type__": "cc.Size",
      "width": 90,
      "height": 30
    },
    "_rotationX": 0,
    "_rotationY": 0,
    "_scaleX": 1,
    "_scaleY": 1,
    "_position": {
      "__type__": "cc.Vec2",
      "x": -225,
      "y": 18
    },
    "_skewX": 0,
    "_skewY": 0,
    "_localZOrder": 0,
    "_globalZOrder": 0,
    "_opacityModifyRGB": false,
    "groupIndex": 0
  },
  {
    "__type__": "cc.Label",
    "_name": "",
    "_objFlags": 0,
    "node": {
      "__id__": 11
    },
    "_enabled": true,
    "_useOriginalSize": false,
    "_actualFontSize": 30,
    "_fontSize": 30,
    "_lineHeight": 30,
    "_enableWrapText": true,
    "_N$file": null,
    "_isSystemFontUsed": true,
    "_spacingX": 0,
    "_N$string": "第一名",
    "_N$horizontalAlign": 0,
    "_N$verticalAlign": 0,
    "_N$fontFamily": "Arial",
    "_N$overflow": 0
  },
  {
    "__type__": "cc.PrefabInfo",
    "root": {
      "__id__": 1
    },
    "asset": {
      "__uuid__": "3ba8fe94-9265-4bd4-94e5-131f1603cff0"
    },
    "fileId": "64MnAhWlFNZbFQhIEA2XpA",
    "sync": false
  },
  {
    "__type__": "cc.Node",
    "_name": "ID",
    "_objFlags": 0,
    "_parent": {
      "__id__": 1
    },
    "_children": [
      {
        "__id__": 15
      }
    ],
    "_tag": -1,
    "_active": true,
    "_components": [
      {
        "__id__": 18
      }
    ],
    "_prefab": {
      "__id__": 19
    },
    "_id": "",
    "_opacity": 255,
    "_color": {
      "__type__": "cc.Color",
      "r": 255,
      "g": 255,
      "b": 255,
      "a": 255
    },
    "_cascadeOpacityEnabled": true,
    "_anchorPoint": {
      "__type__": "cc.Vec2",
      "x": 0.5,
      "y": 0.5
    },
    "_contentSize": {
      "__type__": "cc.Size",
      "width": 60,
      "height": 30
    },
    "_rotationX": 0,
    "_rotationY": 0,
    "_scaleX": 1,
    "_scaleY": 1,
    "_position": {
      "__type__": "cc.Vec2",
      "x": -195,
      "y": -25
    },
    "_skewX": 0,
    "_skewY": 0,
    "_localZOrder": 0,
    "_globalZOrder": 0,
    "_opacityModifyRGB": false,
    "groupIndex": 0
  },
  {
    "__type__": "cc.Node",
    "_name": "id",
    "_objFlags": 0,
    "_parent": {
      "__id__": 14
    },
    "_children": [],
    "_tag": -1,
    "_active": true,
    "_components": [
      {
        "__id__": 16
      }
    ],
    "_prefab": {
      "__id__": 17
    },
    "_id": "",
    "_opacity": 255,
    "_color": {
      "__type__": "cc.Color",
      "r": 255,
      "g": 255,
      "b": 255,
      "a": 255
    },
    "_cascadeOpacityEnabled": true,
    "_anchorPoint": {
      "__type__": "cc.Vec2",
      "x": 0,
      "y": 0.5
    },
    "_contentSize": {
      "__type__": "cc.Size",
      "width": 83.42,
      "height": 30
    },
    "_rotationX": 0,
    "_rotationY": 0,
    "_scaleX": 1,
    "_scaleY": 1,
    "_position": {
      "__type__": "cc.Vec2",
      "x": 20,
      "y": 0
    },
    "_skewX": 0,
    "_skewY": 0,
    "_localZOrder": 0,
    "_globalZOrder": 0,
    "_opacityModifyRGB": false,
    "groupIndex": 0
  },
  {
    "__type__": "cc.Label",
    "_name": "",
    "_objFlags": 0,
    "node": {
      "__id__": 15
    },
    "_enabled": true,
    "_useOriginalSize": false,
    "_actualFontSize": 30,
    "_fontSize": 30,
    "_lineHeight": 30,
    "_enableWrapText": true,
    "_N$file": null,
    "_isSystemFontUsed": true,
    "_spacingX": 0,
    "_N$string": "10000",
    "_N$horizontalAlign": 1,
    "_N$verticalAlign": 1,
    "_N$fontFamily": "Arial",
    "_N$overflow": 0
  },
  {
    "__type__": "cc.PrefabInfo",
    "root": {
      "__id__": 1
    },
    "asset": {
      "__uuid__": "3ba8fe94-9265-4bd4-94e5-131f1603cff0"
    },
    "fileId": "8aVv9ZNSZAkopS6sDCKgBl",
    "sync": false
  },
  {
    "__type__": "cc.Label",
    "_name": "",
    "_objFlags": 0,
    "node": {
      "__id__": 14
    },
    "_enabled": true,
    "_useOriginalSize": false,
    "_actualFontSize": 30,
    "_fontSize": 30,
    "_lineHeight": 30,
    "_enableWrapText": true,
    "_N$file": null,
    "_isSystemFontUsed": true,
    "_spacingX": 0,
    "_N$string": "ID：",
    "_N$horizontalAlign": 1,
    "_N$verticalAlign": 1,
    "_N$fontFamily": "Arial",
    "_N$overflow": 0
  },
  {
    "__type__": "cc.PrefabInfo",
    "root": {
      "__id__": 1
    },
    "asset": {
      "__uuid__": "3ba8fe94-9265-4bd4-94e5-131f1603cff0"
    },
    "fileId": "a5NWmARnVI8aqp0NUHjht3",
    "sync": false
  },
  {
    "__type__": "cc.Node",
    "_name": "onOroutline",
    "_objFlags": 0,
    "_parent": {
      "__id__": 1
    },
    "_children": [],
    "_tag": -1,
    "_active": true,
    "_components": [
      {
        "__id__": 21
      }
    ],
    "_prefab": {
      "__id__": 22
    },
    "_id": "",
    "_opacity": 255,
    "_color": {
      "__type__": "cc.Color",
      "r": 255,
      "g": 255,
      "b": 255,
      "a": 255
    },
    "_cascadeOpacityEnabled": true,
    "_anchorPoint": {
      "__type__": "cc.Vec2",
      "x": 0.5,
      "y": 0.5
    },
    "_contentSize": {
      "__type__": "cc.Size",
      "width": 110,
      "height": 60
    },
    "_rotationX": 0,
    "_rotationY": 0,
    "_scaleX": 1,
    "_scaleY": 1,
    "_position": {
      "__type__": "cc.Vec2",
      "x": 50,
      "y": 0
    },
    "_skewX": 0,
    "_skewY": 0,
    "_localZOrder": 0,
    "_globalZOrder": 0,
    "_opacityModifyRGB": false,
    "groupIndex": 0
  },
  {
    "__type__": "cc.Sprite",
    "_name": "",
    "_objFlags": 0,
    "node": {
      "__id__": 20
    },
    "_enabled": true,
    "_spriteFrame": {
      "__uuid__": "0aee2a89-d893-449b-9272-e5d946838213"
    },
    "_type": 0,
    "_sizeMode": 1,
    "_fillType": 0,
    "_fillCenter": {
      "__type__": "cc.Vec2",
      "x": 0,
      "y": 0
    },
    "_fillStart": 0,
    "_fillRange": 0,
    "_isTrimmedMode": true,
    "_srcBlendFactor": 770,
    "_dstBlendFactor": 771,
    "_atlas": null
  },
  {
    "__type__": "cc.PrefabInfo",
    "root": {
      "__id__": 1
    },
    "asset": {
      "__uuid__": "3ba8fe94-9265-4bd4-94e5-131f1603cff0"
    },
    "fileId": "3cOJqQS2JP+5n9wNh19Q02",
    "sync": false
  },
  {
    "__type__": "cc.Node",
    "_name": "addFriendBtnNode",
    "_objFlags": 0,
    "_parent": {
      "__id__": 1
    },
    "_children": [
      {
        "__id__": 24
      }
    ],
    "_tag": -1,
    "_active": true,
    "_components": [
      {
        "__id__": 32
      }
    ],
    "_prefab": {
      "__id__": 33
    },
    "_id": "",
    "_opacity": 255,
    "_color": {
      "__type__": "cc.Color",
      "r": 255,
      "g": 255,
      "b": 255,
      "a": 255
    },
    "_cascadeOpacityEnabled": true,
    "_anchorPoint": {
      "__type__": "cc.Vec2",
      "x": 0.5,
      "y": 0.5
    },
    "_contentSize": {
      "__type__": "cc.Size",
      "width": 120,
      "height": 63
    },
    "_rotationX": 0,
    "_rotationY": 0,
    "_scaleX": 1,
    "_scaleY": 1,
    "_position": {
      "__type__": "cc.Vec2",
      "x": 250,
      "y": 0
    },
    "_skewX": 0,
    "_skewY": 0,
    "_localZOrder": 0,
    "_globalZOrder": 0,
    "_opacityModifyRGB": false,
    "groupIndex": 0
  },
  {
    "__type__": "cc.Node",
    "_name": "btn_add",
    "_objFlags": 0,
    "_parent": {
      "__id__": 23
    },
    "_children": [
      {
        "__id__": 25
      }
    ],
    "_tag": -1,
    "_active": true,
    "_components": [
      {
        "__id__": 28
      },
      {
        "__id__": 29
      }
    ],
    "_prefab": {
      "__id__": 31
    },
    "_id": "",
    "_opacity": 255,
    "_color": {
      "__type__": "cc.Color",
      "r": 255,
      "g": 255,
      "b": 255,
      "a": 255
    },
    "_cascadeOpacityEnabled": true,
    "_anchorPoint": {
      "__type__": "cc.Vec2",
      "x": 0.5,
      "y": 0.5
    },
    "_contentSize": {
      "__type__": "cc.Size",
      "width": 112,
      "height": 47
    },
    "_rotationX": 0,
    "_rotationY": 0,
    "_scaleX": 1,
    "_scaleY": 1,
    "_position": {
      "__type__": "cc.Vec2",
      "x": 0,
      "y": 0
    },
    "_skewX": 0,
    "_skewY": 0,
    "_localZOrder": 0,
    "_globalZOrder": 0,
    "_opacityModifyRGB": false,
    "groupIndex": 0
  },
  {
    "__type__": "cc.Node",
    "_name": "addfriends",
    "_objFlags": 0,
    "_parent": {
      "__id__": 24
    },
    "_children": [],
    "_tag": -1,
    "_active": true,
    "_components": [
      {
        "__id__": 26
      }
    ],
    "_prefab": {
      "__id__": 27
    },
    "_id": "",
    "_opacity": 255,
    "_color": {
      "__type__": "cc.Color",
      "r": 255,
      "g": 255,
      "b": 255,
      "a": 255
    },
    "_cascadeOpacityEnabled": true,
    "_anchorPoint": {
      "__type__": "cc.Vec2",
      "x": 0.5,
      "y": 0.5
    },
    "_contentSize": {
      "__type__": "cc.Size",
      "width": 80,
      "height": 24
    },
    "_rotationX": 0,
    "_rotationY": 0,
    "_scaleX": 1,
    "_scaleY": 1,
    "_position": {
      "__type__": "cc.Vec2",
      "x": 0,
      "y": 0
    },
    "_skewX": 0,
    "_skewY": 0,
    "_localZOrder": 0,
    "_globalZOrder": 0,
    "_opacityModifyRGB": false,
    "groupIndex": 0
  },
  {
    "__type__": "cc.Sprite",
    "_name": "",
    "_objFlags": 0,
    "node": {
      "__id__": 25
    },
    "_enabled": true,
    "_spriteFrame": {
      "__uuid__": "ad08a68c-bf97-4c14-991d-fff80e85e2a5"
    },
    "_type": 0,
    "_sizeMode": 1,
    "_fillType": 0,
    "_fillCenter": {
      "__type__": "cc.Vec2",
      "x": 0,
      "y": 0
    },
    "_fillStart": 0,
    "_fillRange": 0,
    "_isTrimmedMode": true,
    "_srcBlendFactor": 770,
    "_dstBlendFactor": 771,
    "_atlas": null
  },
  {
    "__type__": "cc.PrefabInfo",
    "root": {
      "__id__": 1
    },
    "asset": {
      "__uuid__": "3ba8fe94-9265-4bd4-94e5-131f1603cff0"
    },
    "fileId": "38j4wV5cVMOYHyBAu5wGCr",
    "sync": false
  },
  {
    "__type__": "cc.Sprite",
    "_name": "",
    "_objFlags": 0,
    "node": {
      "__id__": 24
    },
    "_enabled": true,
    "_spriteFrame": {
      "__uuid__": "0cab079a-db73-4134-9677-66c77e5cec5f"
    },
    "_type": 0,
    "_sizeMode": 1,
    "_fillType": 0,
    "_fillCenter": {
      "__type__": "cc.Vec2",
      "x": 0,
      "y": 0
    },
    "_fillStart": 0,
    "_fillRange": 0,
    "_isTrimmedMode": true,
    "_srcBlendFactor": 770,
    "_dstBlendFactor": 771,
    "_atlas": null
  },
  {
    "__type__": "cc.Button",
    "_name": "",
    "_objFlags": 0,
    "node": {
      "__id__": 24
    },
    "_enabled": true,
    "transition": 3,
    "pressedColor": {
      "__type__": "cc.Color",
      "r": 211,
      "g": 211,
      "b": 211,
      "a": 255
    },
    "hoverColor": {
      "__type__": "cc.Color",
      "r": 255,
      "g": 255,
      "b": 255,
      "a": 255
    },
    "duration": 0.1,
    "zoomScale": 1.1,
    "pressedSprite": null,
    "hoverSprite": null,
    "clickEvents": [
      {
        "__id__": 30
      }
    ],
    "_N$interactable": true,
    "_N$enableAutoGrayEffect": false,
    "_N$normalColor": {
      "__type__": "cc.Color",
      "r": 214,
      "g": 214,
      "b": 214,
      "a": 255
    },
    "_N$disabledColor": {
      "__type__": "cc.Color",
      "r": 124,
      "g": 124,
      "b": 124,
      "a": 255
    },
    "_N$normalSprite": null,
    "_N$disabledSprite": null,
    "_N$target": {
      "__id__": 24
    }
  },
  {
    "__type__": "cc.ClickEvent",
    "target": {
      "__id__": 1
    },
    "component": "ui-lobbyFriendsLineOct30th",
    "handler": "onBtnShenqingEventOctFunc",
    "customEventData": ""
  },
  {
    "__type__": "cc.PrefabInfo",
    "root": {
      "__id__": 1
    },
    "asset": {
      "__uuid__": "3ba8fe94-9265-4bd4-94e5-131f1603cff0"
    },
    "fileId": "5c2F4vsn9AlLfNBpzZJ7DU",
    "sync": false
  },
  {
    "__type__": "cc.Sprite",
    "_name": "",
    "_objFlags": 0,
    "node": {
      "__id__": 23
    },
    "_enabled": true,
    "_spriteFrame": null,
    "_type": 0,
    "_sizeMode": 1,
    "_fillType": 0,
    "_fillCenter": {
      "__type__": "cc.Vec2",
      "x": 0,
      "y": 0
    },
    "_fillStart": 0,
    "_fillRange": 0,
    "_isTrimmedMode": true,
    "_srcBlendFactor": 770,
    "_dstBlendFactor": 771,
    "_atlas": null
  },
  {
    "__type__": "cc.PrefabInfo",
    "root": {
      "__id__": 1
    },
    "asset": {
      "__uuid__": "3ba8fe94-9265-4bd4-94e5-131f1603cff0"
    },
    "fileId": "c8pXp/NLVGTrVlPRF9sTAy",
    "sync": false
  },
  {
    "__type__": "cc.Sprite",
    "_name": "",
    "_objFlags": 0,
    "node": {
      "__id__": 1
    },
    "_enabled": true,
    "_spriteFrame": {
      "__uuid__": "a06bf057-c8b8-481d-94b1-b54d2b570f28"
    },
    "_type": 0,
    "_sizeMode": 0,
    "_fillType": 0,
    "_fillCenter": {
      "__type__": "cc.Vec2",
      "x": 0,
      "y": 0
    },
    "_fillStart": 0,
    "_fillRange": 0,
    "_isTrimmedMode": true,
    "_srcBlendFactor": 770,
    "_dstBlendFactor": 771,
    "_atlas": null
  },
  {
    "__type__": "ffcd9OMuqZJmrrfYy0q3FMm",
    "_name": "",
    "_objFlags": 0,
    "node": {
      "__id__": 1
    },
    "_enabled": true,
    "O_headImg": {
      "__id__": 5
    },
    "O_id": {
      "__id__": 16
    },
    "O_onORout": {
      "__id__": 21
    },
    "O_onORoutGround": {
      "__id__": 34
    },
    "O_onORoutImg": [
      {
        "__uuid__": "0aee2a89-d893-449b-9272-e5d946838213"
      },
      {
        "__uuid__": "d422f48a-a02e-4f90-a6dc-59ee5016f29e"
      }
    ],
    "O_onORoutGroundImg": [
      {
        "__uuid__": "a06bf057-c8b8-481d-94b1-b54d2b570f28"
      },
      {
        "__uuid__": "cf1a2dfc-19f9-4df7-b026-865242b5e67e"
      }
    ],
    "O_applyButton": {
      "__id__": 23
    },
    "O_siliaoPrefab": null,
    "_userID": null
  },
  {
    "__type__": "cc.PrefabInfo",
    "root": {
      "__id__": 1
    },
    "asset": {
      "__uuid__": "3ba8fe94-9265-4bd4-94e5-131f1603cff0"
    },
    "fileId": "50Zi3k26lPVoGn4+WKgNf+",
    "sync": false
  }
]