{
  "__type__": "cc.BitmapFont",
  "_name": "font1",
  "_objFlags": 0,
  "_rawFiles": null,
  "fntDataStr": "",
  "spriteFrame": {
    "__uuid__": "d3bfce48-ff5b-410f-b00a-4a8e6b45c8e9"
  },
  "fontSize": 32,
  "_fntConfig": {
    "commonHeight": 32,
    "fontSize": 32,
    "atlasName": "font1.png",
    "fontDefDictionary": {
      "48": {
        "rect": {
          "x": 0,
          "y": 0,
          "width": 18,
          "height": 27
        },
        "xOffset": 0,
        "yOffset": 0,
        "xAdvance": 18
      },
      "49": {
        "rect": {
          "x": 19,
          "y": 0,
          "width": 18,
          "height": 27
        },
        "xOffset": 0,
        "yOffset": 0,
        "xAdvance": 18
      },
      "50": {
        "rect": {
          "x": 38,
          "y": 0,
          "width": 18,
          "height": 27
        },
        "xOffset": 0,
        "yOffset": 0,
        "xAdvance": 18
      },
      "51": {
        "rect": {
          "x": 57,
          "y": 0,
          "width": 18,
          "height": 27
        },
        "xOffset": 0,
        "yOffset": 0,
        "xAdvance": 18
      },
      "52": {
        "rect": {
          "x": 76,
          "y": 0,
          "width": 18,
          "height": 27
        },
        "xOffset": 0,
        "yOffset": 0,
        "xAdvance": 18
      },
      "53": {
        "rect": {
          "x": 95,
          "y": 0,
          "width": 18,
          "height": 27
        },
        "xOffset": 0,
        "yOffset": 0,
        "xAdvance": 18
      },
      "54": {
        "rect": {
          "x": 0,
          "y": 28,
          "width": 18,
          "height": 27
        },
        "xOffset": 0,
        "yOffset": 0,
        "xAdvance": 18
      },
      "55": {
        "rect": {
          "x": 19,
          "y": 28,
          "width": 18,
          "height": 27
        },
        "xOffset": 0,
        "yOffset": 0,
        "xAdvance": 18
      },
      "56": {
        "rect": {
          "x": 38,
          "y": 28,
          "width": 18,
          "height": 27
        },
        "xOffset": 0,
        "yOffset": 0,
        "xAdvance": 18
      },
      "57": {
        "rect": {
          "x": 57,
          "y": 28,
          "width": 18,
          "height": 27
        },
        "xOffset": 0,
        "yOffset": 0,
        "xAdvance": 18
      }
    },
    "kerningDict": {}
  }
}