{
  "__type__": "cc.AnimationClip",
  "_name": "ani-gameLostNov2nd",
  "_objFlags": 0,
  "_rawFiles": null,
  "_duration": 2.625,
  "sample": 8,
  "speed": 1,
  "wrapMode": 1,
  "curveData": {
    "comps": {
      "cc.Sprite": {
        "spriteFrame": [
          {
            "frame": 0,
            "value": {
              "__uuid__": "01077f68-e9d3-48de-85a6-e536fad91648"
            }
          },
          {
            "frame": 0.125,
            "value": {
              "__uuid__": "ad8c09da-9f1e-494d-830e-0fbc68f8ade3"
            }
          },
          {
            "frame": 0.25,
            "value": {
              "__uuid__": "cfb98dcd-f847-48ff-91d2-44e364cea6b1"
            }
          },
          {
            "frame": 0.375,
            "value": {
              "__uuid__": "2050a9ad-0e46-40e8-a78f-ee5b0514fc1e"
            }
          },
          {
            "frame": 0.5,
            "value": {
              "__uuid__": "689d20d3-c29d-44e3-9962-a461dac5d1a7"
            }
          },
          {
            "frame": 0.625,
            "value": {
              "__uuid__": "30ad2eaa-b289-41d0-96a7-8de41c0ac9bd"
            }
          },
          {
            "frame": 0.75,
            "value": {
              "__uuid__": "96552a42-87e3-4503-820e-11b6381e6edd"
            }
          },
          {
            "frame": 0.875,
            "value": {
              "__uuid__": "7d18646e-4939-4251-a859-2666a3ca984d"
            }
          },
          {
            "frame": 1,
            "value": {
              "__uuid__": "c13011a1-0838-49de-818c-a8440390e116"
            }
          },
          {
            "frame": 1.125,
            "value": {
              "__uuid__": "784f3a3b-5d8d-4335-9d66-ae53d56c2114"
            }
          },
          {
            "frame": 1.25,
            "value": {
              "__uuid__": "7ee9506d-6c42-4f06-83f1-d45df6ed8d49"
            }
          },
          {
            "frame": 1.375,
            "value": {
              "__uuid__": "318c8fed-0268-483a-922f-6115bec3747d"
            }
          },
          {
            "frame": 1.5,
            "value": {
              "__uuid__": "93a93a23-0159-4b76-b0eb-1af1a5a18ee1"
            }
          },
          {
            "frame": 1.625,
            "value": {
              "__uuid__": "45a0d507-8377-4081-8443-de41a4dabe11"
            }
          },
          {
            "frame": 1.75,
            "value": {
              "__uuid__": "88b5954e-f6ff-4bcd-965f-f2deef65bb57"
            }
          },
          {
            "frame": 1.875,
            "value": {
              "__uuid__": "5d2cb6ae-793e-4753-bab9-3f706c37e79a"
            }
          },
          {
            "frame": 2,
            "value": {
              "__uuid__": "8ab43741-072e-431b-a314-29ffbd6cc8de"
            }
          },
          {
            "frame": 2.125,
            "value": {
              "__uuid__": "0a729e52-42d3-4ce2-bff8-a5a9b994c0eb"
            }
          },
          {
            "frame": 2.25,
            "value": {
              "__uuid__": "0e49ec5b-62c3-46d0-88aa-25be395d7fb3"
            }
          },
          {
            "frame": 2.375,
            "value": {
              "__uuid__": "f2b524e3-e490-4cbc-bdf4-9b82ad7706ae"
            }
          },
          {
            "frame": 2.5,
            "value": {
              "__uuid__": "d64040d1-16d1-44ba-99d1-49b852b709da"
            }
          }
        ]
      }
    }
  },
  "events": []
}