{
  "__type__": "cc.AnimationClip",
  "_name": "ani-welcomeOct30th",
  "_objFlags": 0,
  "_rawFiles": null,
  "_duration": 2.5,
  "sample": 20,
  "speed": 1,
  "wrapMode": 1,
  "curveData": {
    "comps": {
      "cc.Sprite": {
        "spriteFrame": [
          {
            "frame": 0,
            "value": {
              "__uuid__": "0df768bb-58b9-4c8f-ba95-d9f13ba3a17f"
            }
          },
          {
            "frame": 0.05,
            "value": {
              "__uuid__": "55a81280-947a-430b-b239-620dbf5dc56a"
            }
          },
          {
            "frame": 0.1,
            "value": {
              "__uuid__": "c4330c3b-6cfb-484f-b495-13822fac0325"
            }
          },
          {
            "frame": 0.15,
            "value": {
              "__uuid__": "3b17c168-2b11-462f-b692-0ed9bf0a00eb"
            }
          },
          {
            "frame": 0.2,
            "value": {
              "__uuid__": "52aafffc-6be8-4c91-9a56-695a8843955c"
            }
          },
          {
            "frame": 0.25,
            "value": {
              "__uuid__": "43761133-9ef1-452c-a188-e74d5271e602"
            }
          },
          {
            "frame": 0.3,
            "value": {
              "__uuid__": "96af443e-a872-4577-ae53-cf3d8ec3aac9"
            }
          },
          {
            "frame": 0.35,
            "value": {
              "__uuid__": "b6a6a770-4941-434a-8c6f-8663e64a700a"
            }
          },
          {
            "frame": 0.4,
            "value": {
              "__uuid__": "1455b7f0-bcc8-4e35-bc3e-4abbe7f23fa1"
            }
          },
          {
            "frame": 0.45,
            "value": {
              "__uuid__": "4fc44424-4278-49dd-af44-b6ca476c85e4"
            }
          },
          {
            "frame": 0.5,
            "value": {
              "__uuid__": "75cc5846-03f9-41e9-8f85-6b3d5b00a12b"
            }
          },
          {
            "frame": 0.55,
            "value": {
              "__uuid__": "6a9f7104-80f5-4950-808f-e5ac1dbfd655"
            }
          },
          {
            "frame": 0.6,
            "value": {
              "__uuid__": "7c016506-eab7-4253-93bb-a76ca7c00bb7"
            }
          },
          {
            "frame": 0.65,
            "value": {
              "__uuid__": "5b5543ec-718b-4b0a-a16e-da416fb8eda5"
            }
          },
          {
            "frame": 0.7,
            "value": {
              "__uuid__": "99c1a044-7f06-42e6-8549-a98a2a05d4a4"
            }
          },
          {
            "frame": 0.75,
            "value": {
              "__uuid__": "5899d7bf-2fdd-4834-8de7-3bfbc5c09393"
            }
          },
          {
            "frame": 0.8,
            "value": {
              "__uuid__": "3978aa35-d14b-44a7-bc3b-e3dfaba68d20"
            }
          },
          {
            "frame": 0.85,
            "value": {
              "__uuid__": "90f2a9c7-284b-438f-b12f-ed6892b9e454"
            }
          },
          {
            "frame": 0.9,
            "value": {
              "__uuid__": "158ad294-833d-4bff-9bd3-6ee8819bc95d"
            }
          },
          {
            "frame": 0.95,
            "value": {
              "__uuid__": "da839e9f-43f1-4835-9534-932a3abd91ed"
            }
          },
          {
            "frame": 1,
            "value": {
              "__uuid__": "fd733bb0-40b5-4514-8f35-fa50cb9b7dfc"
            }
          },
          {
            "frame": 1.05,
            "value": {
              "__uuid__": "b992536a-2513-468e-bb1c-16e68d3791dd"
            }
          },
          {
            "frame": 1.1,
            "value": {
              "__uuid__": "8ab48693-9549-4998-8205-4c6d76b10709"
            }
          },
          {
            "frame": 1.15,
            "value": {
              "__uuid__": "5d02eb84-4405-4fea-8e93-29d317ba949c"
            }
          },
          {
            "frame": 1.2,
            "value": {
              "__uuid__": "b9a27956-cccf-4acd-ae20-faebba806873"
            }
          },
          {
            "frame": 1.25,
            "value": {
              "__uuid__": "14a2b878-c57d-43bb-8d30-af877596e3b7"
            }
          },
          {
            "frame": 1.3,
            "value": {
              "__uuid__": "bd4014b9-184e-471d-9cf2-1d8630b7e31e"
            }
          },
          {
            "frame": 1.35,
            "value": {
              "__uuid__": "01c6364b-6aae-4b91-acf1-633350bd37e0"
            }
          },
          {
            "frame": 1.4,
            "value": {
              "__uuid__": "e694ec0e-1da5-4e7b-a797-6c2895a450d2"
            }
          },
          {
            "frame": 1.45,
            "value": {
              "__uuid__": "b9f8f83f-b10f-4ab8-9bcd-1bee0e96b1cf"
            }
          },
          {
            "frame": 1.5,
            "value": {
              "__uuid__": "79c6f535-b7f2-4048-ae29-b8f4a4911b28"
            }
          },
          {
            "frame": 1.55,
            "value": {
              "__uuid__": "c0958123-69d7-41dd-a030-6060e93b7c0b"
            }
          },
          {
            "frame": 1.6,
            "value": {
              "__uuid__": "5d32287d-8f75-447c-a408-286807d1d89f"
            }
          },
          {
            "frame": 1.65,
            "value": {
              "__uuid__": "5634526e-4efc-4e2d-b444-036b0295bc24"
            }
          },
          {
            "frame": 1.7,
            "value": {
              "__uuid__": "481c2511-ee6d-4370-a004-a2f33eac692b"
            }
          },
          {
            "frame": 1.75,
            "value": {
              "__uuid__": "dee6cfbe-ff20-4fe8-a8cb-3cc9ad1a74bb"
            }
          },
          {
            "frame": 1.8,
            "value": {
              "__uuid__": "e14e1ef7-ab21-4e04-99b7-d905953c11e4"
            }
          },
          {
            "frame": 1.85,
            "value": {
              "__uuid__": "79f408d7-c018-4059-baec-df0e733c19d4"
            }
          },
          {
            "frame": 1.9,
            "value": {
              "__uuid__": "871c2633-f167-4831-88ee-0cae6e4eb6b8"
            }
          },
          {
            "frame": 1.95,
            "value": {
              "__uuid__": "38791bec-38d8-45b7-87e0-22fb8de4c671"
            }
          },
          {
            "frame": 2,
            "value": {
              "__uuid__": "a4904187-70e0-48e8-8d85-2a81d1c8921b"
            }
          },
          {
            "frame": 2.05,
            "value": {
              "__uuid__": "1eb59575-184a-418d-98c8-077452daaf69"
            }
          },
          {
            "frame": 2.1,
            "value": {
              "__uuid__": "612fe8ba-42fa-41a7-bc99-cad71b3f249e"
            }
          },
          {
            "frame": 2.15,
            "value": {
              "__uuid__": "1cfd9bc0-e9a8-49b7-aa67-aee0598ed17a"
            }
          },
          {
            "frame": 2.2,
            "value": {
              "__uuid__": "cbe76d20-cadd-4f3b-97bd-984d8cb7773b"
            }
          },
          {
            "frame": 2.25,
            "value": {
              "__uuid__": "7c328669-86be-40ec-8ae7-54180707a650"
            }
          },
          {
            "frame": 2.3,
            "value": {
              "__uuid__": "e2babe72-2eee-4d06-bec3-296fe9b8a6a2"
            }
          },
          {
            "frame": 2.35,
            "value": {
              "__uuid__": "3ba0e5d1-190a-4ca5-a80d-a2c15385eaa9"
            }
          },
          {
            "frame": 2.4,
            "value": {
              "__uuid__": "5b7843ab-1059-46ce-9fc8-80f9394aabce"
            }
          },
          {
            "frame": 2.45,
            "value": {
              "__uuid__": "25dcc5b3-a25a-4680-a6d6-d6d5e5b759d0"
            }
          }
        ]
      }
    }
  },
  "events": []
}