{
  "__type__": "cc.AnimationClip",
  "_name": "ani-gameWinNov7th",
  "_objFlags": 0,
  "_rawFiles": null,
  "_duration": 2.6666666666666665,
  "sample": 15,
  "speed": 1,
  "wrapMode": 1,
  "curveData": {
    "comps": {
      "cc.Sprite": {
        "spriteFrame": [
          {
            "frame": 0,
            "value": {
              "__uuid__": "0ee4b306-1389-4783-9009-cbb7baf88720"
            }
          },
          {
            "frame": 0.06666666666666667,
            "value": {
              "__uuid__": "8bd0f24c-4249-432c-a1be-434c2dd76495"
            }
          },
          {
            "frame": 0.13333333333333333,
            "value": {
              "__uuid__": "3e76335c-a665-4a86-aead-0a5422eb133a"
            }
          },
          {
            "frame": 0.2,
            "value": {
              "__uuid__": "f2ef0a02-3940-4d72-923b-bc5ec012ebbd"
            }
          },
          {
            "frame": 0.26666666666666666,
            "value": {
              "__uuid__": "cdbdfc80-1595-4c2e-8d22-ff5e9b5d90d8"
            }
          },
          {
            "frame": 0.3333333333333333,
            "value": {
              "__uuid__": "f12825c5-f71b-41bf-99b1-ab13ab477c81"
            }
          },
          {
            "frame": 0.4,
            "value": {
              "__uuid__": "45c8309c-8445-40c3-af7f-13c52eb875a9"
            }
          },
          {
            "frame": 0.4666666666666667,
            "value": {
              "__uuid__": "497abc67-2565-4baf-956e-e1673c0222a9"
            }
          },
          {
            "frame": 0.5333333333333333,
            "value": {
              "__uuid__": "c9c21cc8-3138-4786-8b9c-683d92c761fb"
            }
          },
          {
            "frame": 0.6,
            "value": {
              "__uuid__": "5df351b7-1758-4778-8e52-e4c973db53ae"
            }
          },
          {
            "frame": 0.6666666666666666,
            "value": {
              "__uuid__": "3a903401-ec1d-4c50-b650-1b0fffa8cff9"
            }
          },
          {
            "frame": 0.7333333333333333,
            "value": {
              "__uuid__": "44d3821e-5353-4cca-9501-c5af8a76f3cc"
            }
          },
          {
            "frame": 0.8,
            "value": {
              "__uuid__": "befd8d1e-d908-4485-9a17-5ac55be7109d"
            }
          },
          {
            "frame": 0.8666666666666667,
            "value": {
              "__uuid__": "73e43ccb-8003-4b17-8063-fd7951294eb0"
            }
          },
          {
            "frame": 0.9333333333333333,
            "value": {
              "__uuid__": "9d3e4e88-4baf-4007-8571-246474d791d3"
            }
          },
          {
            "frame": 1,
            "value": {
              "__uuid__": "b8860fa3-f058-4bd3-b429-c7f2e3618f6c"
            }
          },
          {
            "frame": 1.0666666666666667,
            "value": {
              "__uuid__": "965a8e4d-bfdc-4593-a4ac-b6ee3f51766e"
            }
          },
          {
            "frame": 1.1333333333333333,
            "value": {
              "__uuid__": "34acc9c9-aea8-4e02-b20b-3a7f5a89ee1f"
            }
          },
          {
            "frame": 1.2,
            "value": {
              "__uuid__": "f9e10a77-3d3c-49a9-98a5-7accc4779858"
            }
          },
          {
            "frame": 1.2666666666666666,
            "value": {
              "__uuid__": "d23a22fb-d179-4f54-adaa-dc36ff0f6989"
            }
          },
          {
            "frame": 1.3333333333333333,
            "value": {
              "__uuid__": "676f00e1-f586-4cdc-bca1-4e862ac0ba5e"
            }
          },
          {
            "frame": 1.4,
            "value": {
              "__uuid__": "967fad64-4af4-4cbe-8331-6432b9004f11"
            }
          },
          {
            "frame": 1.4666666666666666,
            "value": {
              "__uuid__": "f4fe0602-2ad9-445b-9826-f8a6584fde60"
            }
          },
          {
            "frame": 1.5333333333333334,
            "value": {
              "__uuid__": "01e039d6-c168-49eb-a2d5-260e20e92fb7"
            }
          },
          {
            "frame": 1.6,
            "value": {
              "__uuid__": "7e6da865-3e60-47db-aa38-01ecfcea01a5"
            }
          },
          {
            "frame": 1.6666666666666667,
            "value": {
              "__uuid__": "09e5e829-c3d2-44fb-95b7-23aa2a59f906"
            }
          },
          {
            "frame": 1.7333333333333334,
            "value": {
              "__uuid__": "ce118aed-8734-405e-afdc-f5fa1f959710"
            }
          },
          {
            "frame": 1.8,
            "value": {
              "__uuid__": "d7076c5f-89cf-447f-b598-cb108242a3ed"
            }
          },
          {
            "frame": 1.8666666666666667,
            "value": {
              "__uuid__": "8e2f04f6-8936-465b-b897-3ff1b73e778b"
            }
          },
          {
            "frame": 1.9333333333333333,
            "value": {
              "__uuid__": "fed5d6d5-476b-4ce6-8aa3-e6fd4fdc03ec"
            }
          },
          {
            "frame": 2,
            "value": {
              "__uuid__": "10231bfb-dab3-40fe-ac94-721d523653e4"
            }
          },
          {
            "frame": 2.066666666666667,
            "value": {
              "__uuid__": "85ff3295-d6c5-433a-ac1d-6d08b710ab8f"
            }
          },
          {
            "frame": 2.1333333333333333,
            "value": {
              "__uuid__": "2a4617e2-73b9-4e79-90c9-2328fe058249"
            }
          },
          {
            "frame": 2.2,
            "value": {
              "__uuid__": "c36b8c80-9c30-4cab-85b6-3802618cf6d2"
            }
          },
          {
            "frame": 2.2666666666666666,
            "value": {
              "__uuid__": "e4144b41-601d-4fd4-8a96-bfe879792626"
            }
          },
          {
            "frame": 2.3333333333333335,
            "value": {
              "__uuid__": "0aa8f7f4-3524-45ab-a290-2875c51a5f14"
            }
          },
          {
            "frame": 2.4,
            "value": {
              "__uuid__": "0470d4db-e3fb-41a2-b6b6-11e213900f84"
            }
          },
          {
            "frame": 2.466666666666667,
            "value": {
              "__uuid__": "fa8cf01b-7f7b-4add-b773-ba603c9983f2"
            }
          },
          {
            "frame": 2.533333333333333,
            "value": {
              "__uuid__": "01d4a616-22c4-4595-b691-6542c4592b1a"
            }
          },
          {
            "frame": 2.6,
            "value": {
              "__uuid__": "ba413684-7c3b-4332-b9ca-5a518900d5c2"
            }
          }
        ]
      }
    }
  },
  "events": []
}